index,index_start_at,integer,float,name,surname,fullname,email,bool
6994,7049,12,10.7137,Glenda,Christian,Erica Conrad,toni@ballard.gi,false
6995,7050,35,10.1982,Joanna,Garrison,Norman Odom,jim@stanton.jm,true
6996,7051,21,11.7161,Jesse,Stanley,Vincent Bowden,malcolm@griffin.us,true
6997,7052,33,19.6026,Steven,Harrell,Regina Haynes,wesley@hall.sb,false
6998,7053,36,15.5333,Annie,Proctor,Luis Puckett,helen@gallagher.pn,false
6999,7054,17,10.3519,Courtney,Whitaker,Gene Sims,sherri@carroll.gy,false
7000,7055,26,17.142,Allen,Cates,Alfred Hardin,melinda@currin.sb,false
7001,7056,0,14.3494,Caroline,Horn,Henry Hinson,jamie@arnold.sm,true
7002,7057,49,15.8662,Leah,Jennings,Geoffrey Gross,edna@coates.gov,false
7003,7058,11,10.6162,Carl,Daniel,Ronald Beach,wayne@mcmillan.es,true
7004,7059,14,15.6703,Ronnie,Dodson,Elsie Riddle,patricia@sherrill.mu,false
7005,7060,21,19.3219,Barbara,Tyler,Edna Wrenn,betty@blum.fr,true
7006,7061,0,13.8597,Luis,Pickett,Vincent Chang,terry@finch.edu,true
7007,7062,8,18.0513,Warren,McNeill,Dawn Nguyen,gayle@waters.al,true
7008,7063,49,17.6624,Bradley,Koch,Herbert Scott,joel@puckett.tg,true
7009,7064,14,11.5842,Tamara,Crawford,Vincent Lin,zachary@kenney.ao,false
7010,7065,49,11.3251,Roy,Goldman,Roberta Barton,joanna@eason.sn,false
7011,7066,38,10.6636,Natalie,Sutherland,Billie Cline,dean@sutton.cc,false
7012,7067,16,19.5008,Jean,McKenzie,Denise Davies,emma@moran.pm,false
7013,7068,39,11.3111,Martin,Preston,Melanie Chappell,chris@barber.cz,false
7014,7069,47,19.31,Vivian,Hu,Ruth Barbour,eleanor@wiggins.sa,true
7015,7070,10,13.6514,Annie,Carver,Scott Houston,neal@aldridge.td,true
7016,7071,19,14.9405,Vicki,McClure,Marianne Teague,zachary@mckenna.ke,false
7017,7072,17,18.5042,Audrey,Jennings,Jordan Jennings,marcia@powers.lu,false
7018,7073,7,12.3636,Pauline,Palmer,Victor Stevens,benjamin@rogers.ci,false
7019,7074,28,18.4997,Lillian,Hayes,Oscar Lynn,catherine@schroeder.lk,false
7020,7075,34,14.3534,Marguerite,Arthur,Marianne Lancaster,ruth@ashley.hk,false
7021,7076,27,19.0548,Ben,Sharma,Frances Reilly,charlene@chung.bi,false
7022,7077,41,13.4497,Willie,McKnight,Teresa Brantley,stephen@puckett.vn,true
7023,7078,21,18.7219,Bradley,Barefoot,Jennifer Law,brian@bolton.be,true
7024,7079,45,17.6842,Kelly,Ferrell,Eva Hanna,gayle@carter.wf,true
7025,7080,8,15.5728,Danielle,Fink,Arnold Cain,ethel@hobbs.nr,true
7026,7081,22,15.6533,Wayne,Strickland,Leroy Vick,sheryl@burgess.ax,false
7027,7082,33,13.4699,Greg,Barton,Glen Wilkerson,jennifer@bowman.gg,false
7028,7083,30,10.7853,Priscilla,Lanier,Dennis Hayes,wesley@brady.mf,true
7029,7084,44,18.7127,Warren,Moon,Anita Pittman,terry@harper.be,false
7030,7085,31,16.296,Zachary,Olson,Steve Henry,gwendolyn@maynard.ci,true
7031,7086,36,16.9401,Bobby,Stephens,Betty Cooke,jessica@matthews.um,true
7032,7087,15,13.955,Glenda,Langley,Francis Garrett,calvin@gray.mc,true
7033,7088,49,14.7612,Gretchen,Hawkins,Brian Chandler,randall@matthews.ss,false
7034,7089,15,17.2119,Melinda,Ball,Theresa Allen,warren@katz.tg,true
7035,7090,1,16.1516,Christina,Curry,Marguerite McNamara,bill@waller.aq,true
7036,7091,49,10.2886,Alex,McCall,Jon Walters,donna@rich.je,false
7037,7092,16,15.6191,Jenny,Jones,Chris Kemp,gladys@skinner.io,true
7038,7093,49,18.9545,Malcolm,Walters,Cathy Ball,leon@baker.sm,true
7039,7094,43,14.6389,Robyn,Watts,Miriam MacDonald,christy@underwood.vn,true
7040,7095,29,14.281,Oscar,Maynard,Monica Hensley,willie@tilley.om,true
7041,7096,44,18.1267,Rhonda,Wallace,Stanley Harrington,melanie@aldridge.ms,false
7042,7097,5,12.663,Gwendolyn,McLean,Leon Hill,colleen@lynn.py,false
7043,7098,15,11.5893,Bonnie,Adkins,Patricia McLean,hannah@honeycutt.om,true
7044,7099,47,17.1975,Shawn,Horne,Mike Craven,gloria@desai.cd,false
7045,7100,4,14.0298,Beth,Barton,Lucille Puckett,rita@lucas.bh,true
7046,7101,5,15.2245,Angela,Mack,Jerome Park,arnold@reilly.cm,true
7047,7102,21,11.32,Allen,Ellington,Warren Pridgen,brian@morgan.vu,false
7048,7103,28,16.4928,Glen,Conner,Dennis Anthony,audrey@proctor.nu,false
7049,7104,29,16.7369,Lloyd,Desai,Emily Pritchard,julie@starr.it,false
7050,7105,25,17.3194,Brooke,Schroeder,Jerome Lang,dorothy@bowden.je,true
7051,7106,8,10.7399,Jon,Dodson,Carlos Nixon,eva@pickett.sj,false
7052,7107,27,14.8276,Beth,Snow,Ellen Fitzpatrick,phyllis@rowe.pl,true
7053,7108,19,17.0401,Vanessa,Wang,Elaine O,christine@nolan.de,true
7054,7109,48,16.6428,Janice,Fox,Troy Ashley,robyn@dale.lt,true
7055,7110,37,11.6422,Lillian,Blair,Eva Mann,alice@glover.gf,false
7056,7111,6,18.0539,Gene,McLaughlin,Ashley McMahon,cathy@thompson.ae,true
7057,7112,39,14.265,Johnny,Schultz,Bill Conrad,ben@diaz.gm,true
7058,7113,20,13.1069,Wayne,Bowman,Marion Bishop,alexander@cooke.bz,true
7059,7114,41,13.899,Sandy,Abbott,Guy Parsons,nicholas@johnson.ke,false
7060,7115,30,17.2005,Clyde,Hunt,Paige Carver,glen@kenney.it,true
7061,7116,37,16.9333,Kelly,Black,Jacob Bruce,dianne@beatty.pf,true
7062,7117,18,16.5416,Frances,Benton,Florence Montgomery,christopher@kane.uz,false
7063,7118,29,12.3213,Ruth,Holland,Patricia Boswell,janet@lynch.bn,true
7064,7119,33,14.4247,Evan,Brantley,Karl Levine,lloyd@rogers.sc,true
7065,7120,2,16.2474,Beth,Branch,Gene Wolf,kimberly@henson.mp,true
7066,7121,28,18.0788,Shelley,Goldstein,Katherine Stout,mitchell@henderson.cl,true
7067,7122,8,10.1725,Glen,Walton,Jon Dickerson,elaine@caldwell.tj,true
7068,7123,9,12.3299,Jordan,Kenney,Lloyd McNamara,luis@lutz.uy,true
7069,7124,40,19.6801,Sarah,Whitaker,Tammy Christensen,keith@burch.mt,true
7070,7125,43,13.6114,Don,Eason,Regina Wolf,malcolm@schwartz.gt,true
7071,7126,46,10.3388,Ashley,Olson,Veronica Watts,christine@buckley.gd,false
7072,7127,40,18.1477,Tim,Alston,Charlene Dickinson,harvey@hardy.st,false
7073,7128,35,15.1662,Eleanor,Singleton,Dennis Coley,alan@meadows.sg,false
7074,7129,32,12.8187,Malcolm,Bender,Guy Lamb,joanne@hanson.ie,true
7075,7130,6,17.9959,Marsha,Vick,Sue Grant,kenneth@singer.np,true
7076,7131,10,15.0408,Jamie,Eaton,Brian West,ben@hess.nf,true
7077,7132,25,11.2213,Adam,Shelton,Jennifer Johnston,laura@martin.tz,false
7078,7133,13,11.7968,Judith,Welch,Heidi Adkins,harvey@hobbs.bd,false
7079,7134,16,13.8086,Ashley,Manning,Cynthia Singer,elsie@puckett.gm,true
7080,7135,31,18.4932,Dorothy,Horne,Jonathan Weiner,luis@foster.be,true
7081,7136,14,13.7691,Vicki,Arthur,James Horn,todd@mcmahon.il,true
7082,7137,27,15.1467,Luis,Lucas,Marian Wrenn,marsha@upchurch.li,false
7083,7138,1,13.2769,Roberta,Byrne,Sara Chambers,claude@mcintosh.ge,false
7084,7139,42,14.2542,Joanna,Dodson,Dorothy Hewitt,jeanette@brantley.mp,false
7085,7140,2,15.2694,Clara,Callahan,Neal Caldwell,ken@wallace.gn,false
7086,7141,19,18.8039,Gary,Bowers,Marvin McNeill,mark@pearce.uy,true
7087,7142,32,15.6432,Ricky,Bowles,Leo Cassidy,joseph@olson.mu,false
7088,7143,40,12.5088,Erika,Pappas,Benjamin Olson,rodney@lancaster.ly,true
7089,7144,7,16.1835,Theodore,Martin,Amanda Turner,constance@li.sr,false
7090,7145,30,16.3023,Melissa,McKnight,Clyde Stuart,johnny@hansen.mf,true
7091,7146,36,10.5714,Nicholas,Quinn,Kenneth Caldwell,jeanne@cates.gp,false
7092,7147,5,16.099,Tommy,Pittman,Frances Ford,marcia@hatcher.io,true
7093,7148,24,15.8873,Julia,Case,Alicia Rowland,bill@morse.vn,true
7094,7149,17,18.1439,Leon,Watson,Brenda Chang,jordan@mccall.gt,false
7095,7150,29,15.3838,Jon,Riley,Cheryl Douglas,penny@brown.va,false
7096,7151,30,19.9549,Calvin,Fink,Amanda Walter,jose@elmore.sx,true
7097,7152,45,11.8287,Clifford,Robinson,Kurt Hoover,mark@duke.tc,true
7098,7153,12,13.6586,Ben,Fisher,Gary Hester,nina@stevenson.ec,true
7099,7154,48,12.045,Claire,Finch,Dean Humphrey,scott@benson.mc,true
7100,7155,40,11.6049,Hugh,Warren,Tracy Creech,ashley@singleton.mm,false
7101,7156,4,10.4203,Judith,Li,Philip Bolton,ben@green.tv,false
7102,7157,48,13.7273,Don,Schwartz,Kerry O,claude@blackburn.io,true
7103,7158,11,14.0402,Malcolm,Crane,Carl Chang,jeanette@matthews.tz,false
7104,7159,12,14.453,Julian,Lucas,Paige Fitzpatrick,jeanette@nichols.aw,true
7105,7160,16,10.125,Ross,Fisher,Kay Scarborough,kim@bailey.pa,false
7106,7161,29,15.3925,Tiffany,Barefoot,Jan Cooke,jack@goldberg.tz,true
7107,7162,37,10.9429,Paul,Cox,Geraldine Walton,chris@currin.mp,false
7108,7163,16,14.2998,Martin,Nichols,Jack Schroeder,lois@rowe.gd,true
7109,7164,34,10.1582,Danny,Zhang,Carrie Justice,judith@chandler.kz,true
7110,7165,32,15.5176,Martin,Yates,Claire Underwood,bradley@melton.gg,true
7111,7166,49,10.1189,Jack,Branch,Judith Turner,douglas@cates.il,false
7112,7167,47,12.1026,Sheryl,York,Ben Schroeder,rachel@willis.jm,true
7113,7168,32,12.8928,Lynda,Holmes,Donald Shaffer,alfred@hensley.hm,true
7114,7169,4,14.9275,Thomas,Crane,Jesse Fox,dwight@paul.ca,true
7115,7170,44,16.6588,Kathy,Graves,Yvonne Christensen,marc@woods.ps,false
7116,7171,36,15.3679,Alfred,Boyette,Geraldine McFarland,dorothy@lopez.tm,false
7117,7172,41,10.2314,Courtney,O,Leon Glover,jack@godfrey.aw,false
7118,7173,3,13.757,Louis,Silverman,Kelly Saunders,caroline@wagner.la,false
7119,7174,15,11.089,Neil,Finch,Jordan Lam,amy@cates.bm,false
7120,7175,24,19.5838,Michelle,Fink,Shelley Stevens,joan@kane.tj,true
7121,7176,19,17.3356,Marlene,Adkins,Matthew Hensley,nelson@lloyd.ne,true
7122,7177,17,11.4122,Glen,Blair,Peter Walter,kent@harris.km,true
7123,7178,18,11.1557,Roberta,Copeland,Martin Nelson,franklin@hardy.ci,true
7124,7179,15,13.5348,Harvey,Braswell,Hazel Casey,jessica@crane.mg,false
7125,7180,33,15.1349,Guy,Sparks,Allison Olson,monica@henry.io,true
7126,7181,37,12.5067,Jay,Thornton,Shirley Parrott,don@lassiter.do,false
7127,7182,28,16.5805,Christy,Cooke,Claire Archer,gwendolyn@tyson.nc,false
7128,7183,0,13.8659,Kathy,McLean,Christina Hardin,milton@paul.sk,true
7129,7184,8,11.4033,Leigh,Holden,Diana Boykin,patricia@schultz.cx,true
7130,7185,20,15.6754,Tracey,Upchurch,Brent Blum,guy@mcintyre.dj,true
7131,7186,19,14.891,Jordan,Beatty,Donna Floyd,regina@kinney.bh,true
7132,7187,16,13.7765,Faye,Craven,Katherine May,mark@hawley.vg,false
7133,7188,49,15.2759,Mary,Davies,Maureen Holmes,joel@knowles.gn,false
7134,7189,12,11.5838,Jerry,Dickerson,Diana Goldberg,wesley@diaz.td,true
7135,7190,41,11.2171,Betty,Beck,Linda Monroe,jeanne@long.mp,true
7136,7191,3,10.0768,Charlene,Tilley,Kristine Weeks,vincent@copeland.kp,false
7137,7192,10,11.6723,Judith,Skinner,Patricia Lam,sandra@lane.ml,false
7138,7193,48,17.0909,Arlene,Boyd,Sandra Lynn,elaine@dunn.me,false
7139,7194,40,12.4565,Vincent,Zimmerman,Tamara Matthews,dwight@underwood.qa,false
7140,7195,40,19.3001,Eddie,Reed,Vernon Upchurch,suzanne@li.cd,true
7141,7196,14,12.8399,Mike,Reid,Clara Morse,jose@hensley.kr,false
7142,7197,9,17.1342,Brett,Harvey,Renee Stephens,robert@hanson.zw,true
7143,7198,37,10.9047,Nelson,Ross,Franklin Garrett,wendy@bowden.mf,false
7144,7199,18,14.8407,Keith,Middleton,Robyn Snow,james@stuart.ch,false
7145,7200,3,14.4022,Jacob,Brock,Edna Hu,karen@hawkins.fj,true
7146,7201,24,15.8022,Curtis,Barrett,Jeremy Sharpe,elaine@walton.fr,false
7147,7202,35,15.8453,Lauren,Pittman,Glenda Parsons,joann@hall.mm,false
7148,7203,15,12.1311,Peggy,Hester,Chris Nichols,troy@choi.sz,false
7149,7204,9,16.3038,Theresa,Schroeder,Darlene Bradley,audrey@stevens.bz,false
7150,7205,42,19.1978,Sherri,Hawley,Carl Mann,edgar@franklin.bq,false
7151,7206,11,12.969,Gayle,Park,Gregory Siegel,jonathan@jennings.mx,false
7152,7207,14,10.8858,Tommy,Wallace,Cecil Barton,annie@fitzpatrick.no,false
7153,7208,0,10.6125,Hugh,Roach,Eddie Welch,donna@holmes.li,false
7154,7209,42,15.7343,Shelley,Bowden,Kenneth Hu,eugene@jensen.mc,true
7155,7210,5,12.2765,Leigh,Clapp,Beth Li,veronica@sharpe.iq,false
7156,7211,0,19.6073,Mary,Becker,Marion Fisher,stacy@baker.sh,true
7157,7212,34,13.0679,Natalie,Nolan,Sidney O,hannah@brock.mx,true
7158,7213,40,13.0876,Tiffany,Pritchard,Glenda McMahon,patrick@kelley.gr,false
7159,7214,16,18.7791,Hazel,Jensen,Cheryl Steele,alice@black.jm,true
7160,7215,7,10.0589,Lloyd,Stephens,Diana Curry,claire@little.bh,true
7161,7216,48,18.0903,Anne,Rich,Denise Callahan,julie@hedrick.ag,true
7162,7217,37,10.6124,Christina,Peterson,Neil Montgomery,frederick@fischer.bi,false
7163,7218,28,11.353,Edna,Berry,Kim Field,sarah@stuart.pr,true
7164,7219,31,15.4135,Kristen,Davidson,Vivian Bunn,sherri@mckenna.np,false
7165,7220,44,10.1637,Marguerite,Wiggins,Janet McIntyre,troy@kelly.ne,true
7166,7221,38,12.2195,Lorraine,Solomon,Sidney Weiss,bonnie@lamb.im,false
7167,7222,47,16.0783,Hannah,Brady,Allen Jennings,willie@lynch.bv,true
7168,7223,46,14.7406,Alvin,Abbott,Monica McKnight,mary@mckee.al,true
7169,7224,1,17.6655,Joanne,Franklin,Alvin Green,jordan@gibbons.bl,false
7170,7225,41,16.3401,Allen,McClure,Luis Pitts,nina@carver.mr,false
7171,7226,31,15.4093,Barry,Ayers,Doris Rodgers,leah@koch.ca,false
7172,7227,2,13.1168,Angela,Love,Marc Newton,marcia@strickland.gr,false
7173,7228,7,13.744,Henry,Olson,Evelyn Boyd,anne@nash.ec,false
7174,7229,11,16.5269,Rodney,Lamb,Erin Jennings,kristen@link.ao,false
7175,7230,46,10.6251,Cheryl,Livingston,Crystal Lam,judith@hartman.dz,false
7176,7231,37,18.3715,Neil,Dickerson,Marguerite Mack,elaine@long.tg,true
7177,7232,6,10.9372,Jenny,O,Diana Hunt,warren@horne.tk,false
7178,7233,37,16.8017,Margaret,Sparks,Randy Carter,phyllis@spencer.ne,true
7179,7234,33,17.6447,Renee,Parrott,Dana Hendrix,pauline@branch.gn,false
7180,7235,47,19.8925,William,Li,Annie Thomas,scott@boyette.sa,true
7181,7236,23,14.6703,Lewis,Cooper,Hannah Kent,luis@berger.bd,true
7182,7237,31,17.4657,Scott,Carlton,Bradley Chandler,russell@forrest.ck,true
7183,7238,45,10.9061,Bruce,Hamrick,Judith McKenna,glen@gray.ge,true
7184,7239,1,17.5377,Betty,Pitts,Jeff Li,sherry@hardison.dz,true
7185,7240,23,16.6321,Brian,Olsen,Kelly Gilbert,scott@brady.bj,false
7186,7241,24,14.3918,Lois,Alexander,Darlene Cates,dennis@leach.tc,true
7187,7242,36,12.8014,Mary,Pearce,Janet Glover,lester@bowling.dk,true
7188,7243,30,10.4929,Jacob,Wagner,Ashley Berg,hannah@maynard.is,true
7189,7244,31,13.8598,Kimberly,Pugh,Sidney Marks,wesley@watts.cc,false
7190,7245,34,11.5967,Beth,McKenzie,Gretchen McIntosh,eleanor@singer.pt,true
7191,7246,20,10.4994,Carol,Bowles,Mary Richardson,mike@olson.ke,false
7192,7247,41,11.6974,Bradley,Richards,George Goldman,eddie@fleming.cr,false
7193,7248,29,17.9339,Oscar,Barry,Anita Huffman,kay@lanier.mil,true
7194,7249,33,16.8699,Randy,Butler,Brent Sharma,glen@eason.pf,true
7195,7250,9,14.1907,Peggy,Zhang,Guy Mayer,danny@strickland.sk,true
7196,7251,1,15.0499,Megan,Cain,Melinda Rich,robin@mcneill.in,false
7197,7252,36,19.5095,Jennifer,Hewitt,Nathan Humphrey,rhonda@gunter.bz,false
7198,7253,13,16.5008,Denise,Love,James Schwartz,miriam@burgess.sx,false
7199,7254,19,19.4731,Heidi,O,Patrick Griffin,wendy@creech.kw,true
7200,7255,26,13.0266,Jeff,Bowers,Christina Abbott,christina@mckenzie.kh,true
7201,7256,32,15.9115,Calvin,Maynard,Lorraine Levine,marion@butler.kw,true
7202,7257,43,19.5483,Barbara,Walsh,Patricia Carter,alfred@coates.nc,true
7203,7258,26,15.6518,Dorothy,Vaughn,Danny O,laurence@norton.pr,true
7204,7259,15,18.8192,Derek,Cates,Kay Barton,charlotte@grossman.in,false
7205,7260,42,13.8833,Gloria,Bowling,Rita Morgan,stacy@mills.bn,false
7206,7261,27,13.816,Jon,Hawkins,Jay Crane,jack@richardson.ph,false
7207,7262,13,15.649,Evelyn,Fisher,Guy Riley,claire@lindsay.sg,true
7208,7263,10,19.8786,Brent,Jiang,Martin Case,gretchen@wallace.lb,true
7209,7264,19,15.3389,Kelly,Kent,Ashley Wiley,tracy@kramer.be,false
7210,7265,15,11.362,Mary,Gold,Nancy McKay,leah@harvey.pf,true
7211,7266,45,14.4297,Carolyn,Middleton,Caroline Steele,shirley@jones.kw,true
7212,7267,19,10.5099,Elisabeth,Melton,Frances Marks,veronica@coleman.md,true
7213,7268,4,12.7842,Thomas,Copeland,Danny Hill,benjamin@mckinney.pr,false
7214,7269,29,11.8504,Karl,Owens,Laura Scott,keith@murphy.cw,true
7215,7270,45,19.2736,Tara,Hinton,Aaron Melton,harold@thompson.ug,true
7216,7271,39,11.2334,Virginia,Hill,Hazel Goldman,ann@kern.sx,false
7217,7272,26,17.4448,Leon,Siegel,Lauren Copeland,elisabeth@godwin.us,false
7218,7273,18,16.7759,Carolyn,Willis,Amanda Barefoot,leigh@dickson.va,true
7219,7274,49,10.4048,Mary,Ellis,Danielle Sharpe,jason@alexander.nf,true
7220,7275,34,18.0733,James,Vaughan,Melinda Haynes,timothy@owens.jo,true
7221,7276,8,18.1332,Clyde,Clarke,Joel Greenberg,katie@mccarthy.gs,true
7222,7277,47,13.5751,Vickie,Summers,Ken Chandler,allison@byrd.by,false
7223,7278,41,10.2474,Alison,Stone,Jordan Christensen,joanne@willis.hu,true
7224,7279,33,19.7077,Florence,Pritchard,Beth Wu,keith@katz.al,false
7225,7280,23,17.3393,Sheryl,Burton,Seth Burnett,tracy@cobb.gu,true
7226,7281,33,10.3306,Alvin,McNamara,Hannah Spencer,milton@proctor.tg,true
7227,7282,14,19.2627,Alice,Eaton,Frederick Chappell,karen@law.mo,true
7228,7283,1,13.815,Catherine,Turner,Dennis Wolf,milton@carey.ms,true
7229,7284,23,14.4684,Gilbert,Owen,Dianne Berger,keith@pugh.gs,true
7230,7285,4,10.0441,Tina,Weiner,Tracy Morgan,michele@lucas.lc,false
7231,7286,2,14.3215,Sidney,McNeill,Vanessa Jordan,melanie@koch.im,true
7232,7287,4,14.5368,Kurt,O,Frederick Floyd,glenda@mclean.mu,true
7233,7288,10,12.5696,Nicholas,McCall,Tina Underwood,edgar@connolly.bw,true
7234,7289,28,12.9872,Jennifer,Briggs,Christina Woodward,joel@hanna.pw,false
7235,7290,25,15.944,Susan,Haynes,Kristine Stephens,jessica@chan.us,true
7236,7291,35,19.0831,Jack,Baker,Clyde Bowers,ben@cain.tl (changed from tp),true
7237,7292,38,16.7326,Mark,Davenport,Gayle Turner,tommy@holmes.ar,true
7238,7293,24,18.1143,Clyde,Cooke,Sarah Lindsay,betty@palmer.lc,false
7239,7294,12,18.9519,Lillian,Hinton,Wesley Henry,courtney@lehman.ge,false
7240,7295,35,17.7566,Teresa,Scarborough,Erika Morris,allan@schultz.cd,false
7241,7296,11,17.454,Hilda,Mack,Neal Capps,claire@odom.za,false
7242,7297,39,16.8679,Luis,Coates,Erin Clements,willie@bolton.tk,false
7243,7298,8,11.2671,Eleanor,McMahon,Ronnie Barton,ashley@lynch.tw,true
7244,7299,39,19.4575,Natalie,Pridgen,Tonya Schultz,bob@bowling.sc,false
7245,7300,14,18.479,Michelle,Chu,Jerome Daly,jeanette@scott.nz,false
7246,7301,27,11.4925,George,Rowland,Danny Bailey,ben@beatty.sz,false
7247,7302,15,13.6912,Joseph,Pickett,Florence Hawley,jeff@newton.bl,true
7248,7303,21,12.769,Molly,Cline,Gene Payne,natalie@scarborough.om,false
7249,7304,35,14.7146,Ted,McGuire,Clyde Hamrick,jill@kelly.ar,true
7250,7305,13,18.11,Lee,Lopez,Jeanette Atkins,harriet@sumner.at,true
7251,7306,35,17.144,Marguerite,Cooke,Sidney McMillan,donald@holloway.mk,true
7252,7307,22,12.4111,Cheryl,Weiner,Anita Black,jean@davies.cw,true
7253,7308,6,16.7591,Marc,Durham,Oscar Hobbs,christopher@gross.md,true
7254,7309,27,18.1595,Barry,Reilly,Tonya O,claire@barrett.tt,true
7255,7310,2,19.185,Alfred,Caldwell,Paige Hardy,marianne@cates.hu,false
7256,7311,42,17.2392,Audrey,Nichols,Clifford Clements,nina@little.sa,false
7257,7312,15,16.1685,Alexander,Davidson,Marc Sherrill,lewis@barrett.fo,false
7258,7313,5,10.0536,Lewis,Drake,Clyde Barber,ashley@bowden.sm,true
7259,7314,10,12.1893,Shirley,Benton,Dennis Cates,sue@moon.cy,false
7260,7315,41,18.2347,Elsie,Jennings,Nina Sinclair,alexander@anderson.gt,true
7261,7316,32,19.2352,Florence,Lancaster,Victor Stark,amy@sharpe.et,false
7262,7317,13,15.9219,Danny,Norton,Jessica Scarborough,christina@morse.hn,false
7263,7318,31,11.662,Juan,Weiner,Jason Hu,christina@meadows.uz,false
7264,7319,31,17.2372,Bobby,Underwood,Bruce Nash,grace@olson.gd,true
7265,7320,35,11.2449,Harold,Guthrie,Rick French,sarah@shapiro.fj,false
7266,7321,20,10.4655,Priscilla,Watson,Rita Lynn,grace@tilley.es,true
7267,7322,34,12.6815,Guy,Yang,Natalie Lopez,patsy@sumner.ao,true
7268,7323,15,16.5825,Suzanne,Park,Toni Beatty,emily@boyd.gd,false
7269,7324,27,10.3881,Jerome,Carey,Judy Melton,tommy@lamb.ne,false
7270,7325,16,15.3712,Monica,Diaz,Tina Garrett,marcia@weiner.va,false
7271,7326,35,12.8143,Paige,Benson,Gayle Tilley,marcia@mcmillan.gg,true
7272,7327,13,11.8549,Constance,Barefoot,Maxine Hamrick,vickie@harrington.gu,false
7273,7328,30,14.1607,Jill,Melton,Bruce Pugh,ruth@houston.mh,true
7274,7329,8,17.732,Donna,Desai,Rick Mangum,judy@terrell.tg,false
7275,7330,11,15.887,Arnold,Carey,Gayle Roth,rhonda@stanton.bt,false
7276,7331,28,13.5316,Marsha,Newton,Audrey Henry,shirley@davidson.dz,true
7277,7332,38,14.1519,Marcia,Sutton,Anna Branch,douglas@gill.bs,true
7278,7333,30,13.8457,Marguerite,Hamrick,Keith Lloyd,sue@nelson.ai,true
7279,7334,41,18.0924,Wesley,Zhang,Lori Parks,dana@mcintyre.uy,true
7280,7335,17,19.3531,Rita,Richardson,George Padgett,ken@coleman.so,true
7281,7336,34,17.0154,Christopher,Waters,Bruce Ashley,leslie@hensley.et,false
7282,7337,40,17.7244,Lucille,Benson,Lester Rodgers,lynne@hill.mq,true
7283,7338,35,15.2889,William,Woodard,Kelly Hall,tommy@dale.mo,true
7284,7339,10,12.7969,Annie,Byrd,Nicole Dunn,bruce@byrd.nc,true
7285,7340,22,17.0156,Deborah,Beatty,Steven Blackwell,gene@alexander.al,false
7286,7341,42,13.6221,Evelyn,Rich,Lucille Beatty,martin@bray.ir,false
7287,7342,9,14.4674,Nina,Kirk,Jean Anderson,ashley@mccarthy.mr,false
7288,7343,32,13.0337,Frances,Baker,Vivian Hess,luis@callahan.pr,false
7289,7344,21,12.5699,Marcus,Gross,Jeanette Stephens,tracey@cooke.gw,true
7290,7345,49,16.9802,Judith,Owens,Hazel Godwin,sandra@coble.ci,true
7291,7346,0,18.1437,Clara,Murphy,Tommy Weiner,jonathan@weiner.ph,true
7292,7347,40,10.1546,Glenn,McMahon,Marsha Vick,tammy@mckinney.cm,false
7293,7348,34,12.699,Audrey,Bradley,Marc Clarke,sharon@cooke.je,false
7294,7349,6,17.0843,Ben,Glover,Anne Callahan,michelle@stone.lk,true
7295,7350,48,19.1898,Beth,Dickinson,Jimmy Chang,elaine@fischer.km,true
7296,7351,46,15.9889,Leah,Nichols,Kathy Sharpe,clarence@braswell.hr,true
7297,7352,32,13.5433,Chris,Cash,Eric Boykin,melissa@wolfe.lb,true
7298,7353,37,13.1155,Katherine,Kemp,Jay Underwood,alvin@carver.cd,true
7299,7354,36,11.7044,Melinda,Clements,Lester Parks,julia@eason.np,false
7300,7355,0,18.6226,Elsie,Middleton,Hazel Moore,eugene@bowers.si,false
7301,7356,21,10.354,Joan,Donovan,Alfred Blackwell,sidney@stevenson.org,false
7302,7357,16,18.1676,Jerome,Hodge,Carolyn Heller,kristine@singh.bn,true
7303,7358,27,16.3866,Joann,Lopez,Brenda Katz,shannon@harvey.nf,false
7304,7359,19,11.1755,Bradley,Bowman,Jennifer Matthews,eddie@weiner.tj,true
7305,7360,41,15.8883,Stacy,Jennings,Frances Hoyle,wesley@carver.ph,false
7306,7361,7,18.76,Lois,McLaughlin,Shirley Moore,bradley@francis.no,true
7307,7362,43,17.4538,Ben,Chu,Vincent Glass,troy@harrell.br,true
7308,7363,38,19.3717,Alice,Diaz,Donna Riley,gilbert@hunt.td,true
7309,7364,36,18.4364,Arlene,Marks,Erika Welch,kenneth@olsen.na,false
7310,7365,33,16.3438,Julie,Thornton,Chris Stanton,russell@horn.sv,true
7311,7366,27,11.1268,Alison,Lutz,Kyle McPherson,martin@mcmahon.pa,false
7312,7367,49,16.5641,Benjamin,Brandt,Bonnie Byrne,kimberly@miles.my,false
7313,7368,13,16.3634,Alice,Holland,Brian Greenberg,jonathan@rosenthal.bj,false
7314,7369,46,14.7332,Arlene,Glover,Wade Garrett,wayne@mclean.na,true
7315,7370,1,14.9386,Leroy,McMillan,Catherine Vick,don@davis.gb,false
7316,7371,36,16.2272,Glenda,Benton,George Dalton,lynda@parrott.jm,false
7317,7372,14,11.0275,Peggy,Sumner,Judith Bishop,mitchell@buckley.um,true
7318,7373,12,13.7769,Christina,Callahan,Shelley Lopez,marsha@mckee.bv,false
7319,7374,41,11.6303,Martha,Gould,Dwight Hendrix,randall@moran.ao,true
7320,7375,16,19.7872,Janet,Robinson,Donna Brantley,erin@barry.ba,false
7321,7376,29,16.3254,Alfred,Stout,Lori Cooke,shawn@frederick.uy,true
7322,7377,21,12.5842,Jose,Sellers,Kimberly Scarborough,lynn@clarke.bv,false
7323,7378,5,13.6454,Sarah,Snyder,Stanley Stevens,nicole@atkins.jm,false
7324,7379,20,19.5275,Ashley,Diaz,Frederick Benton,marion@beasley.tg,true
7325,7380,35,19.1384,Marc,Singleton,Neal Dickerson,wesley@heller.id,false
7326,7381,8,15.4155,Jessica,Stone,Nancy Watson,beth@field.tk,false
7327,7382,45,12.4441,Lewis,Knight,Carrie Melton,sherry@sherrill.bw,false
7328,7383,7,10.5435,Sandra,Hood,Stanley Mills,jennifer@cooke.sr,true
7329,7384,5,13.264,Diana,Case,Tracey McKee,sarah@mcclure.na,true
7330,7385,48,12.507,Sheryl,Kelley,Guy Carver,danny@friedman.dz,true
7331,7386,40,14.0719,Sandra,Aldridge,Don Underwood,karen@allen.pl,true
7332,7387,40,13.2314,Patrick,Stone,Brian Hicks,benjamin@bolton.by,false
7333,7388,25,18.9503,Tonya,O,Natalie Desai,gretchen@graham.so,false
7334,7389,33,13.8063,Anne,Vaughan,Ronnie Boyette,alice@turner.bq,false
7335,7390,35,14.8226,Joseph,Watts,Sarah Best,judy@hoover.tk,true
7336,7391,7,15.8055,Angela,Sherrill,Monica Rich,amanda@harvey.ga,false
7337,7392,45,13.0713,Aaron,Davenport,Hazel Casey,katherine@cowan.de,false
7338,7393,44,14.4455,Calvin,Hinton,Frederick Marsh,jerome@davies.pa,true
7339,7394,12,17.8027,Dennis,Snyder,Vincent Upchurch,christina@hanna.ml,false
7340,7395,3,12.9454,Michelle,Rubin,Don Fisher,sidney@floyd.kr,true
7341,7396,38,19.1633,Russell,Bradshaw,Melinda Barbour,emma@hardison.kn,false
7342,7397,31,10.7405,Natalie,Baker,Randy Shapiro,jean@washington.ai,true
7343,7398,2,15.906,Keith,Bowers,Janice McKay,sandra@mangum.as,false
7344,7399,12,12.9371,Michele,Norman,Jill Gallagher,susan@kennedy.mil,true
7345,7400,35,19.3533,Calvin,Lucas,Cheryl Scarborough,don@boswell.sc,true
7346,7401,16,19.7443,Sandra,Bruce,Jacob Wang,ashley@richmond.tv,false
7347,7402,39,16.9813,Timothy,Shapiro,Marc Hughes,natalie@hall.kh,true
7348,7403,30,17.4451,Sidney,Willis,Phyllis Honeycutt,sidney@brady.ni,true
7349,7404,39,12.2991,Leslie,Conner,Patricia Stanton,sherri@brantley.nu,true
7350,7405,18,14.0649,Gene,Sutherland,Patricia Scarborough,karen@stephens.sa,false
7351,7406,48,18.1538,Brett,McNamara,Leslie Shapiro,leah@hayes.fo,false
7352,7407,19,11.6463,Kyle,Hill,Wendy Pollard,elaine@mueller.mu,true
7353,7408,32,17.8928,Chris,Turner,Cathy Norman,cathy@french.lk,true
7354,7409,19,17.6509,Rick,Hu,Kim Stevens,nina@parsons.ba,true
7355,7410,43,18.6505,Gilbert,Leach,Karen Lanier,alison@wallace.cw,true
7356,7411,21,15.8899,Lynda,Bowling,Annie Abbott,milton@fernandez.pr,false
7357,7412,21,15.3626,Pauline,Gunter,Hazel Dolan,stephanie@barefoot.se,false
7358,7413,13,15.362,Kevin,Bailey,Lester MacDonald,caroline@norman.sz,true
7359,7414,16,15.71,Allan,Underwood,Donna Dickinson,suzanne@hull.mh,false
7360,7415,5,15.6817,Michele,Horne,Jenny Sherrill,jordan@daniel.sh,true
7361,7416,43,19.4636,Glenda,Choi,Hazel Harris,dwight@mills.ml,true
7362,7417,13,19.9439,Rhonda,Hayes,Harvey Mack,benjamin@kent.cm,false
7363,7418,35,10.9386,Scott,Melton,Christine Gilbert,stacy@stephens.cc,false
7364,7419,44,16.0798,Jerry,Alexander,Charlene Heath,karl@tyler.ir,true
7365,7420,6,17.1879,Peggy,Wiley,Vicki Barton,kara@burch.mm,true
7366,7421,6,16.0118,Ronnie,Denton,Crystal Farmer,mark@schultz.sv,false
7367,7422,4,10.9563,Patrick,Moore,Glenn Glover,tina@pritchard.jm,true
7368,7423,2,16.9065,Teresa,Spivey,Neal Frazier,julia@bender.cf,true
7369,7424,39,14.1868,Ricky,Beach,Harold Frederick,jerome@norton.pk,false
7370,7425,44,10.6485,Sidney,Lutz,Gene Fischer,julian@atkins.nf,false
7371,7426,1,19.091,Florence,Bowling,Joe Stone,jacob@mcmillan.nc,false
7372,7427,2,16.0437,Marianne,Albright,Marguerite Snyder,roger@haynes.sy,false
7373,7428,30,16.9764,Gordon,Wolfe,Vanessa Hayes,hannah@stone.eh,true
7374,7429,22,14.9655,Bradley,Hanna,Courtney Bray,guy@stuart.lb,false
7375,7430,3,16.7282,Clyde,Greenberg,Linda Clements,jean@pugh.mu,true
7376,7431,15,14.9399,Lester,Cash,Sarah Chandler,carolyn@atkins.ye,false
7377,7432,33,18.68,Tiffany,Cooke,Jack Odom,sue@callahan.hr,true
7378,7433,26,15.3192,Colleen,Henry,Charles Smith,jennifer@brantley.mr,true
7379,7434,9,15.1743,Audrey,Hale,Kevin Copeland,stanley@barrett.la,true
7380,7435,33,18.2476,Chris,Goldman,Rhonda McKay,robert@sharpe.bq,false
7381,7436,44,12.8891,Mary,Ritchie,Ben Reid,lillian@daniels.lk,false
7382,7437,27,11.3703,Amanda,Vincent,Helen Eaton,katherine@rosenthal.mu,false
7383,7438,31,15.6264,Vincent,Harmon,Hilda Dickinson,dianne@bray.io,true
7384,7439,21,11.2024,Laura,Bowden,Courtney Cherry,tommy@stephens.tn,false
7385,7440,49,17.1618,Gene,Black,Eugene Newton,shannon@parsons.sx,true
7386,7441,32,12.5328,Dorothy,Lehman,Alice Reilly,bob@harris.de,true
7387,7442,29,13.9022,Douglas,Dunlap,Dianne Pitts,paige@jernigan.cv,true
7388,7443,40,16.7467,Tamara,McLean,Elaine Barton,jessica@hinson.ax,true
7389,7444,4,12.7122,Ryan,Bowers,Wade Davidson,vanessa@hall.lt,false
7390,7445,26,12.3534,Paula,Reilly,Hilda Hamilton,jacob@coates.ki,false
7391,7446,28,13.6173,Ashley,Gordon,Bradley Parrott,lynn@hensley.nl,false
7392,7447,36,10.7327,Steve,Bray,Judy Bowers,gene@pate.bw,true
7393,7448,29,18.7177,Neal,McMahon,Clara Sherrill,carol@park.na,true
7394,7449,13,11.8671,Anne,Abbott,Carolyn Walter,lewis@york.aq,false
7395,7450,1,16.1849,Lester,Cain,Jean Carlton,beth@aycock.np,true
7396,7451,36,12.2692,Lorraine,Barbour,Malcolm Glover,julie@nichols.cz,true
7397,7452,11,17.2422,Jeanne,Stephens,Donna Hester,dana@burnett.bh,true
7398,7453,23,11.8853,Sherri,Leach,Jacob Payne,catherine@mckenzie.my,false
7399,7454,12,10.0579,Tim,Pickett,Wendy Fitzpatrick,gayle@hartman.ke,true
7400,7455,25,17.35,Randall,Best,Glenn Reed,nancy@morgan.bb,true
7401,7456,8,16.4916,Kelly,Stevens,Gloria Lutz,julian@field.org,true
7402,7457,12,10.0256,Willie,Jenkins,Megan Dickson,doris@grossman.cz,false
7403,7458,1,10.2114,Jerome,Brandt,Grace Bailey,theresa@park.sa,true
7404,7459,9,13.9828,Marion,Brock,Keith Holland,tamara@ellis.tv,true
7405,7460,16,19.4504,Marlene,Godfrey,Amy Brock,alan@hunt.mm,true
7406,7461,10,19.6034,Mary,Thompson,Douglas Warren,annie@mcnamara.cu,false
7407,7462,2,12.6324,Amanda,Cochran,Rita Brock,ian@haynes.bi,false
7408,7463,43,13.1697,Joel,Parsons,Scott Cooke,dennis@mclean.com,true
7409,7464,48,12.3948,Clifford,Case,Kathy Rich,marian@woodard.ve,false
7410,7465,37,15.2265,Lynn,Wall,Glenda Langston,audrey@kelly.ni,true
7411,7466,10,11.6607,Ben,Black,Jennifer Nixon,walter@hoyle.edu,false
7412,7467,34,12.452,Brandon,McKenzie,Virginia Siegel,linda@crews.edu,false
7413,7468,24,15.62,Sue,Newton,Ronald Dodson,elsie@harrell.bl,true
7414,7469,35,13.8418,Connie,Davis,Lynda King,peggy@fox.gm,false
7415,7470,17,19.1563,Annie,Law,Jennifer Stout,nina@whitley.cm,true
7416,7471,46,15.9998,Peggy,Douglas,Tiffany Wu,peter@baldwin.kn,true
7417,7472,2,11.5095,Henry,Sykes,Edwin Rosenthal,wallace@weiner.mf,true
7418,7473,25,13.1566,Randy,Garcia,Steven Houston,dwight@anthony.jo,false
7419,7474,8,11.4313,Victor,Hill,Sheryl Finch,jacob@sinclair.sm,true
7420,7475,24,15.0311,Carrie,Padgett,Dorothy Robinson,christine@o.pn,false
7421,7476,29,16.4908,Jerry,Joyce,James Henson,rose@simpson.as,false
7422,7477,28,14.9591,Marlene,Burgess,Lester Carey,kristina@pickett.ss,true
7423,7478,22,10.6212,Christian,Moon,Virginia Russell,glenda@adkins.se,false
7424,7479,0,16.9921,Joann,Carter,Willie Barefoot,chris@alexander.cf,true
7425,7480,39,16.0805,Bradley,Burgess,Lester Abbott,peter@aldridge.um,true
7426,7481,2,14.0229,Vicki,Riddle,Martin Eaton,joel@haynes.mp,true
7427,7482,30,18.7101,Keith,Fitzpatrick,Angela Padgett,robert@mckenzie.af,false
7428,7483,8,10.5558,Angela,Warner,Calvin Bolton,connie@rodgers.gf,false
7429,7484,21,10.9614,Lloyd,Jennings,Peggy Kirby,willie@whitaker.am,true
7430,7485,48,14.2374,Vickie,Boyd,Wesley Dalton,lillian@hobbs.pt,true
7431,7486,3,10.2889,Martin,Peterson,Lynne Watson,kristina@johnston.gi,true
7432,7487,10,18.0687,Eva,Gibson,Theresa Braun,troy@reid.vc,true
7433,7488,23,12.1074,Catherine,Dunlap,Marilyn Mayo,courtney@phillips.gs,false
7434,7489,17,15.7535,Darlene,Bolton,Tommy Berger,deborah@parrott.kg,true
7435,7490,22,13.8713,Theresa,McKee,Vickie Grimes,mark@bradley.so,false
7436,7491,28,18.0667,Doris,Diaz,Betsy Pritchard,steve@lassiter.mo,true
7437,7492,16,15.5725,Edwin,Fischer,Claire Blalock,kim@denton.com,true
7438,7493,8,18.3423,Marian,Stark,Molly Rich,nicole@hawkins.mw,false
7439,7494,12,14.9163,Joanne,Currie,Patricia Lucas,melinda@scott.bo,false
7440,7495,22,13.1351,Vernon,Love,Penny Walsh,oscar@hull.sd,true
7441,7496,39,15.8689,Harry,Hensley,Rita Robinson,barbara@cassidy.bj,true
7442,7497,18,19.6019,Guy,Rich,Gene Washington,nathan@winters.se,false
7443,7498,43,19.1688,Glenda,Lloyd,Steve McConnell,sherri@stone.net,false
7444,7499,34,13.0326,Hazel,Middleton,Beth Chandler,patsy@graves.bm,true
7445,7500,0,15.2096,Randall,Link,Paul Chappell,judith@carlton.sc,false
7446,7501,41,19.3068,Tom,Davis,Miriam Goldman,elsie@black.gd,true
7447,7502,9,15.7046,Marsha,Locklear,Jerry Beatty,ashley@sinclair.nl,true
7448,7503,29,14.4898,Erika,Jones,Glenda Livingston,clyde@barbour.tj,true
7449,7504,24,10.9111,Ann,Koch,Johnny Nance,yvonne@massey.fo,false
7450,7505,29,11.6586,Ralph,Kirby,Jordan Lehman,florence@mcleod.eh,false
7451,7506,31,14.4037,Ashley,May,Melinda Rogers,toni@parrott.cn,true
7452,7507,49,10.4902,Vincent,Morse,Glenda Garrison,jacob@brady.ml,false
7453,7508,9,12.1054,Brenda,Hodge,Frances Whitehead,hannah@little.mz,true
7454,7509,16,14.2961,Bonnie,Strickland,Tony Griffin,lloyd@copeland.vu,false
7455,7510,10,18.3904,Chris,Berg,Sherri Hicks,wesley@love.pn,true
7456,7511,21,12.576,Toni,Bender,Christy Case,vickie@lin.li,false
7457,7512,20,12.9858,Christian,Hawley,Glenda Olson,adam@chang.sl,true
7458,7513,25,18.4501,Franklin,Chandler,Marcia Baker,courtney@johnston.ni,false
7459,7514,45,14.4423,Holly,Connolly,Beth Barrett,marshall@hoyle.bv,false
7460,7515,40,11.1975,Warren,Diaz,Harvey Oakley,wesley@byers.lt,true
7461,7516,39,17.5236,Jessica,Casey,Oscar Hess,sara@joseph.ie,false
7462,7517,18,10.4062,Mark,Elmore,Jacob Wang,brandon@mccall.pt,true
7463,7518,15,11.8237,Kent,Glover,Charlene McNamara,glenda@song.mp,true
7464,7519,30,16.3898,Lillian,Lopez,Regina Eaton,nicholas@freeman.ss,true
7465,7520,33,16.5267,Ruth,Middleton,Eric Harmon,glenda@forrest.bg,false
7466,7521,35,12.6406,Patsy,Barton,Neal Cowan,vernon@gill.ro,false
7467,7522,0,16.0816,Lauren,Mann,Curtis Love,wesley@smith.tk,false
7468,7523,4,11.9236,Bob,Cherry,Nicholas Lang,doris@rowe.nf,false
7469,7524,1,13.8821,Marshall,Moore,Sue Zhang,gloria@payne.nz,true
7470,7525,0,11.7596,Christine,Banks,Kelly Wallace,dianne@anthony.rs,false
7471,7526,6,19.2524,Tina,Reid,Leo Hester,tracey@stout.aq,true
7472,7527,25,16.207,Randy,Christian,Danielle Barton,natalie@weiss.mo,true
7473,7528,29,13.5877,Lester,Kramer,Sandra Rowland,christopher@johnston.ca,true
7474,7529,36,13.4787,Shannon,Kern,Patsy Hughes,clyde@parrott.au,false
7475,7530,43,12.1829,Clyde,Stanton,Janet Bowden,danny@connolly.mt,false
7476,7531,35,10.7588,Harriet,Rowland,George Rosenthal,suzanne@hines.bi,true
7477,7532,6,10.5208,Teresa,Crabtree,Edna Li,lucy@cooke.cu,false
7478,7533,13,16.7218,Alfred,Solomon,Leo Reid,peggy@koch.pr,false
7479,7534,16,14.9203,Marsha,Lawson,Emma Maynard,dean@morgan.py,true
7480,7535,27,19.5897,Clyde,Monroe,Sarah Henry,cheryl@reed.ug,false
7481,7536,49,15.7854,Elaine,Gill,Penny Lynch,luis@crews.be,true
7482,7537,45,13.5348,Willie,Duke,Bradley Diaz,gary@case.uy,false
7483,7538,4,13.7877,Marlene,Anderson,Rhonda Sawyer,eddie@stephens.az,true
7484,7539,42,18.9494,Paul,Middleton,Martha Bowling,ronald@beatty.vi,false
7485,7540,30,16.7872,Robyn,Wrenn,Tammy Abrams,lee@hill.mw,true
7486,7541,4,14.7397,Alison,Harrell,Lori Lassiter,cheryl@li.mp,true
7487,7542,46,11.2214,Alex,Cook,Marian Lin,james@hewitt.mg,true
7488,7543,44,17.0349,Glen,Lopez,Allan Chung,evan@riley.me,false
7489,7544,36,11.7717,Nathan,Carey,Neal Ferrell,clarence@foster.cr,true
7490,7545,39,18.8319,Leo,McKay,Elsie Singleton,miriam@dolan.nz,true
7491,7546,25,14.0957,Mitchell,Benson,Mary Katz,douglas@cochran.gm,true
7492,7547,47,14.2662,Charlene,Mack,Mary Hatcher,carole@horn.vn,true
7493,7548,40,14.3707,Marian,Nichols,Douglas Cooke,hannah@dickerson.sa,true
7494,7549,31,18.6474,Christopher,Rowe,Helen Callahan,dorothy@dale.my,false
7495,7550,9,17.2594,Lynne,Jernigan,Scott Shapiro,suzanne@hall.az,false
7496,7551,7,11.6905,Kimberly,Vaughn,Marc Ross,becky@coble.us,false
7497,7552,4,12.0284,Renee,Harvey,Paige York,jackie@elmore.ls,true
7498,7553,24,12.0244,Norman,Beatty,Todd Waters,julia@chu.af,true
7499,7554,23,19.9385,Lillian,Peterson,Annie Coley,christy@o.uy,false
7500,7555,16,18.3146,Gene,Chu,Melinda Pickett,eva@adkins.dz,false
7501,7556,32,16.097,Audrey,Dickerson,Keith Stanton,julian@atkins.az,false
7502,7557,46,17.4946,Michele,Kirk,Steve Hardison,calvin@chung.mc,false
7503,7558,43,14.0498,Lynne,Chan,Tommy Starr,barry@barrett.qa,true
7504,7559,25,10.5713,Ronald,Terrell,Stephen Poole,ashley@beatty.ro,true
7505,7560,47,17.6429,Sidney,Hedrick,Jennifer Watkins,jonathan@palmer.zm,false
7506,7561,23,11.1246,Cheryl,Brock,Lois Christensen,steven@lanier.bz,true
7507,7562,32,12.7342,Eva,Moon,Helen Vincent,gilbert@stanton.sc,false
7508,7563,4,16.3157,Debra,Chandler,Brenda Farrell,jeff@locklear.in,true
7509,7564,20,10.774,Willie,Hester,Vicki Christensen,betty@farmer.ca,false
7510,7565,40,11.7035,Harriet,Matthews,Alice Erickson,kay@berger.mc,false
7511,7566,2,17.5868,Warren,Pridgen,Tammy Waters,brett@lynch.sg,true
7512,7567,19,12.0209,Melanie,Byers,Christopher Thomas,cecil@whitley.hn,true
7513,7568,25,14.4191,Annie,Goldstein,Joel Jordan,kristen@wallace.cn,true
7514,7569,10,15.2957,Allan,Pugh,Jessica Ritchie,holly@alexander.hr,false
7515,7570,19,15.2014,Roberta,Kelly,Steve Byrne,stephen@jenkins.tf,false
7516,7571,25,18.6995,Maria,Barr,Sarah Hoover,raymond@hendrix.pn,true
7517,7572,35,16.7154,Theresa,Dickson,Nancy Chung,lois@willis.ee,false
7518,7573,39,11.3919,Leah,Bowling,Douglas Carver,gene@turner.nr,true
7519,7574,24,13.7997,Christian,Ritchie,Guy Drake,claire@griffin.mk,false
7520,7575,7,11.4991,Terry,Bolton,Kimberly Baker,brenda@o.ci,false
7521,7576,8,13.7652,Audrey,Thompson,Nina Quinn,jimmy@bolton.hn,false
7522,7577,19,14.3527,Geoffrey,Hobbs,Neal Berman,gary@whitehead.pa,true
7523,7578,14,19.3713,Joel,Riley,Charlene Bowden,kelly@harris.cc,false
7524,7579,47,14.7761,Jeanne,Ellis,Beth Hawkins,nina@ashley.md,true
7525,7580,23,17.0217,Henry,McMahon,Dana Cox,hazel@copeland.sx,true
7526,7581,16,19.5682,Jason,Haynes,Marc Hinson,neil@wagner.dz,false
7527,7582,42,15.7273,Eddie,Cassidy,Miriam Barber,gordon@weber.ro,true
7528,7583,36,19.702,Miriam,Grossman,Neil Brennan,jon@mclean.gl,false
7529,7584,26,15.6162,Bonnie,Hardison,Amanda West,vicki@sutton.my,true
7530,7585,0,13.1717,Audrey,Jennings,Jacob McCall,maxine@gibson.rs,false
7531,7586,49,13.8256,Brenda,Barbour,Erica Smith,craig@hubbard.gm,false
7532,7587,30,15.0281,Marcia,Sharma,Kate McLean,nina@savage.ls,false
7533,7588,9,16.4774,Joan,Coley,Priscilla Davidson,mark@kay.bd,false
7534,7589,42,17.7909,Ann,Morgan,Dianne Sullivan,donna@hawkins.lu,false
7535,7590,13,11.3125,Caroline,Wiley,Crystal Neal,maureen@watson.sn,false
7536,7591,24,19.7089,Todd,Dodson,Judy Goldberg,faye@parsons.bw,true
7537,7592,15,11.9215,Elsie,Griffin,George Cline,stephen@peterson.sg,true
7538,7593,49,17.5775,Richard,Farrell,Scott Blackwell,darlene@riley.af,true
7539,7594,34,13.0814,Tonya,Britt,Malcolm Hendricks,brian@lassiter.us,false
7540,7595,4,18.5279,Barbara,Gunter,Kristen Hendricks,elsie@sparks.la,true
7541,7596,2,19.023,Brenda,Whitley,Curtis Roy,cathy@vaughn.am,true
7542,7597,25,15.2323,Donna,Choi,Malcolm Norman,greg@stephens.ck,false
7543,7598,32,11.9117,Jennifer,Nixon,Stephen Cook,justin@yang.mt,false
7544,7599,39,13.1871,Martin,Briggs,Florence Knowles,julian@livingston.ga,false
7545,7600,39,11.1233,Phyllis,Burton,Helen Hamilton,kathy@hoyle.la,false
7546,7601,34,10.1589,George,Cox,Sarah Hutchinson,leon@huff.sa,true
7547,7602,34,10.2045,Diana,Nguyen,Wesley Dougherty,sherri@bender.nu,false
7548,7603,30,17.8274,Jason,Justice,Patrick Robinson,allen@weeks.sb,true
7549,7604,38,18.9264,Scott,McCarthy,Melinda James,christina@chang.nz,true
7550,7605,5,12.5506,Christina,Sinclair,Marsha Lin,judy@elmore.lt,false
7551,7606,41,10.767,Natalie,Scarborough,Edna Horne,joel@parrott.ch,true
7552,7607,19,13.1541,Guy,Hardy,Tony Scott,carlos@curtis.je,false
7553,7608,8,15.2754,Tammy,Gordon,Natalie Goldman,barry@glass.nr,false
7554,7609,38,19.1236,Cheryl,Chung,Beth Chung,hazel@bolton.tl (changed from tp),false
7555,7610,19,14.4832,Kathy,Woods,Patrick Black,vickie@waller.my,false
7556,7611,37,12.6695,Keith,Grimes,Kara Zimmerman,dianne@hinson.pf,false
7557,7612,26,17.5817,Ben,Crane,Marion High,maurice@whitaker.gm,true
7558,7613,41,13.8694,Lynda,Sutton,Bobby Lucas,leah@barton.bn,true
7559,7614,8,10.2498,Theodore,Finch,Leo Klein,kenneth@lopez.bm,true
7560,7615,1,11.2342,Vincent,Wong,Chris O,ralph@nguyen.kr,false
7561,7616,42,10.1067,Virginia,Spencer,Anna Foster,gretchen@mitchell.nr,true
7562,7617,29,17.4412,Regina,Solomon,Milton Love,sandra@robinson.net,true
7563,7618,44,12.1709,Rita,Moore,Brenda Summers,arthur@currie.yt,true
7564,7619,5,10.5513,Dwight,Bruce,Alex Cooper,louise@murphy.mw,true
7565,7620,46,13.3658,Ian,Forrest,Alfred McNamara,stanley@livingston.sv,true
7566,7621,12,16.9641,Sandra,Farrell,Stacy Song,beth@brennan.nz,true
7567,7622,16,10.1483,Sharon,Sherrill,Nicholas Thornton,samantha@graves.kh,false
7568,7623,23,13.2604,Bradley,Pittman,Dana Hull,gloria@chung.ag,false
7569,7624,29,13.3364,Allen,Vaughan,Peter Chang,donna@cook.vn,true
7570,7625,37,19.3617,Hugh,James,Malcolm Abbott,lucille@currin.mk,false
7571,7626,22,10.248,Marguerite,Mayer,Audrey Byrd,lester@fink.org,false
7572,7627,17,12.2724,Benjamin,Dunn,Milton Welch,ernest@clements.si,false
7573,7628,34,18.65,Henry,Levine,Claire Lassiter,natalie@best.hr,true
7574,7629,20,14.52,Gail,Houston,Carolyn Dickson,gilbert@house.md,true
7575,7630,33,18.8558,Franklin,Puckett,Becky Harris,jose@rowe.ck,true
7576,7631,21,10.8145,Bernard,Duke,Deborah Hamilton,craig@shapiro.lk,true
7577,7632,26,18.7784,Jeff,Hunt,Leon Harper,leroy@carey.cz,false
7578,7633,33,14.2477,Wallace,Boswell,Harvey Bolton,joanne@burnett.bt,false
7579,7634,1,18.8959,Johnny,Finch,Katherine Lutz,joanne@field.ge,false
7580,7635,23,13.2249,Vickie,Solomon,Eleanor French,keith@harris.mg,true
7581,7636,17,14.7356,Billy,Whitaker,Anne Gill,anne@heath.re,true
7582,7637,14,19.4563,Victor,Bowers,Bradley Pope,kimberly@dunlap.kp,true
7583,7638,35,14.506,Patsy,Melton,Charlene Arthur,edgar@durham.ax,true
7584,7639,35,17.8837,Suzanne,Swanson,Danny Owens,priscilla@simpson.mt,false
7585,7640,41,11.3736,Joel,Davies,Kristin Lindsay,willie@koch.vu,false
7586,7641,0,12.5409,Amy,Carey,Katharine Finch,toni@love.net,true
7587,7642,6,11.3845,Ralph,Lindsay,Paul English,jeanette@sullivan.bd,true
7588,7643,7,14.7591,Jacob,Sutton,Becky Middleton,tracy@stevenson.aq,true
7589,7644,43,18.7204,Oscar,Stanley,Don Hardy,constance@hester.ki,true
7590,7645,44,10.6441,Allison,Francis,Charles Pearson,maria@lynch.au,true
7591,7646,1,17.2637,Kenneth,Scarborough,Ricky Owen,allen@mcknight.ad,true
7592,7647,5,12.415,Ken,Little,Marcus Hirsch,monica@coley.cm,false
7593,7648,0,14.9873,Shannon,Hardison,Lloyd McKnight,helen@baxter.ad,false
7594,7649,18,16.1592,Jennifer,Beck,Cathy Hartman,jeff@hartman.nf,true
7595,7650,18,10.6917,Louis,Gonzalez,Dan Daniel,courtney@henderson.kg,false
7596,7651,45,17.3441,Joshua,Woods,Sandy Walter,joan@coley.mx,false
7597,7652,8,18.4568,Susan,Hinson,Julie Hutchinson,ethel@joseph.mq,true
7598,7653,48,13.2679,Bradley,Hansen,Don Sawyer,francis@weiner.gl,false
7599,7654,28,11.7164,Francis,Black,Rita Moran,annette@jiang.us,false
7600,7655,39,10.194,Lillian,Hoover,Ben Olsen,robert@saunders.bj,false
7601,7656,18,10.9285,Samantha,McLean,Lester Bolton,natalie@chandler.ga,false
7602,7657,44,19.6713,Faye,Cannon,Christina Gallagher,janet@tyson.tv,false
7603,7658,44,16.6682,Lynne,Weber,Alex Alston,janet@shaffer.mp,false
7604,7659,25,12.3685,Donna,Skinner,Tiffany Farrell,paige@craig.sj,false
7605,7660,10,12.9705,Leroy,Cooke,Julie Archer,evan@hansen.tn,false
7606,7661,10,13.9759,Monica,Dunlap,Bonnie Glass,jose@levine.fk,false
7607,7662,3,11.0215,Amy,Fletcher,Nelson Stanton,richard@heath.kw,true
7608,7663,35,14.0886,Bobby,Goldman,Karl Bowers,willie@nguyen.bb,false
7609,7664,36,14.7095,Dorothy,Berman,Leroy Sumner,kristen@connor.es,false
7610,7665,47,16.3355,Marian,Dunlap,Dana Hayes,crystal@coleman.au,true
7611,7666,22,16.8422,Harriet,Heath,Dwight Bowers,floyd@branch.cz,false
7612,7667,2,19.494,Holly,Golden,Lynne Davidson,dolores@sanchez.my,false
7613,7668,43,15.848,Marc,Baker,Luis Turner,eleanor@hunt.bz,false
7614,7669,47,13.7329,Jennifer,Fitzpatrick,Erin Tilley,stephanie@sharpe.mn,false
7615,7670,46,19.7504,Marlene,Byrne,Susan Becker,jim@huffman.ir,true
7616,7671,15,18.1088,Ted,Kemp,Peter Hewitt,tracy@donovan.zw,true
7617,7672,46,18.2477,Alice,Beatty,Lois Kent,bob@duke.sg,true
7618,7673,41,17.785,William,Chan,Beth Desai,nicholas@ritchie.aw,true
7619,7674,5,14.9574,Faye,Mitchell,Glen Hatcher,claire@hughes.mz,false
7620,7675,39,19.6371,Lois,Rosenthal,Melissa Rogers,annette@owens.tf,true
7621,7676,44,17.242,Martha,Horne,Sara Lassiter,carole@abbott.ec,false
7622,7677,12,10.6039,Sheryl,Lang,Carrie Chappell,cheryl@burgess.bg,false
7623,7678,39,19.4759,Susan,Locklear,Louis Baldwin,rita@capps.tk,true
7624,7679,3,13.0273,Brenda,Sumner,Joy O,eugene@scarborough.re,true
7625,7680,30,12.4077,Eddie,Connor,George Britt,wesley@harris.sg,true
7626,7681,11,11.6231,James,Walter,Katherine Warren,raymond@coley.tm,false
7627,7682,44,18.0665,Gary,Underwood,Glenda Preston,melanie@whitley.ee,true
7628,7683,9,14.7441,Eileen,Vaughn,Rodney Coley,arthur@harrington.tr,true
7629,7684,30,15.1894,Wayne,Francis,Toni Lynch,tara@wilkerson.bw,false
7630,7685,13,16.8115,Hazel,Hensley,Katie Schwartz,sherri@chung.by,false
7631,7686,9,10.4365,Calvin,Robinson,Maria Benson,elsie@horn.la,true
7632,7687,43,11.2169,Joan,Graham,Laura Schwartz,stephanie@hinson.mr,true
7633,7688,39,13.3817,Victor,Hughes,Rick Arnold,vickie@ashley.pk,false
7634,7689,44,14.1808,Stephanie,Curtis,Dana Gibson,sandra@glover.gg,true
7635,7690,27,10.2814,Lisa,Bowman,Jill Hess,katherine@dickinson.rs,true
7636,7691,14,19.8501,Timothy,Wang,Miriam Vick,vivian@hunt.at,false
7637,7692,20,11.5098,Elaine,Bowden,Tony Wiggins,shirley@middleton.tj,false
7638,7693,2,10.0371,Paige,Hendrix,Anna Riley,jack@mills.mu,true
7639,7694,47,15.1455,Katie,Jordan,Stacey Carlson,tom@zimmerman.sb,true
7640,7695,5,10.4091,Jose,Gibbons,Marcia Barber,dianne@cannon.jo,false
7641,7696,15,11.3846,Roberta,Moran,Dennis Walters,zachary@aycock.kz,false
7642,7697,45,17.959,Sidney,Chase,Pauline Yang,tracey@gordon.la,true
7643,7698,32,12.1356,Randall,Wall,Jennifer Kinney,pat@watts.bh,false
7644,7699,25,10.4815,Michelle,Davenport,Roberta Finch,stephanie@daly.mil,false
7645,7700,24,19.6873,Vicki,Monroe,Leo Cooke,jeanne@parsons.uy,true
7646,7701,28,11.4519,Steve,Hayes,Renee Burgess,dennis@rice.al,false
7647,7702,9,17.0082,Theresa,Goldstein,Amanda Silverman,margaret@upchurch.at,true
7648,7703,26,11.774,Bernice,Tilley,Erin Langston,george@carey.gt,false
7649,7704,0,13.8867,Sue,Stark,Oscar Boyette,rick@stanley.lc,false
7650,7705,20,18.5193,Leah,Nolan,Hannah Watts,audrey@kang.mt,true
7651,7706,11,17.7348,Alex,Jensen,Molly Johnston,marsha@high.ua,false
7652,7707,17,10.3888,Patricia,Lin,Leon Olsen,jill@barrett.hk,false
7653,7708,46,16.7196,Joanne,Chang,Amy Hendricks,erin@knowles.ng,true
7654,7709,32,14.1439,Veronica,Weeks,Ted Simmons,peter@morse.fo,true
7655,7710,25,13.0836,Harry,Norman,Claire Henderson,jill@west.jo,false
7656,7711,32,15.3465,Lewis,Barber,Karen Waller,neal@li.tm,false
7657,7712,18,11.3372,Frederick,Olsen,Gayle Holloway,gayle@cates.cd,true
7658,7713,6,16.6707,Chris,Mills,Brenda Lowe,milton@mitchell.za,false
7659,7714,18,16.7322,Allan,Atkins,Jenny Mann,adam@murphy.ci,true
7660,7715,28,12.3428,Donna,Garcia,Stacy Bowden,kristin@love.kz,true
7661,7716,20,18.3836,Maria,Jordan,Gilbert Byrne,mary@mueller.mt,false
7662,7717,15,15.4222,Katherine,Raynor,Melissa Glover,max@knight.cg,false
7663,7718,47,18.6273,Anita,Upchurch,Annie McDonald,janice@francis.by,false
7664,7719,0,14.5923,Tracy,Fleming,Paige Pope,cheryl@lyons.fr,true
7665,7720,35,12.809,Luis,Baker,Ralph Manning,kenneth@hanna.bz,false
7666,7721,15,16.8705,Kristin,Pittman,Marsha Starr,allen@frederick.va,false
7667,7722,23,14.6589,Florence,Aldridge,Bobby Jordan,lynne@farrell.dj,true
7668,7723,4,17.5086,Barry,Watson,Gladys Brady,kristen@bowling.vc,false
7669,7724,25,16.6619,Benjamin,Peterson,Derek Chang,donna@cash.eh,true
7670,7725,12,12.7296,Melinda,Terrell,Amanda Hood,marshall@underwood.fi,false
7671,7726,45,18.6117,Sarah,Jones,James Beatty,james@gibson.nz,true
7672,7727,4,12.2524,Jack,Chase,Sherri Pappas,ruth@schroeder.ru,false
7673,7728,38,15.0133,Judy,Case,Martin Dolan,charlene@hawley.do,true
7674,7729,47,12.1756,Eleanor,Barry,Alison Underwood,nicholas@pittman.pl,true
7675,7730,5,18.5714,Marc,Stephens,Grace Desai,jon@hamrick.ky,false
7676,7731,29,11.9345,Leon,Chang,Shelley Stephens,allison@james.iq,false
7677,7732,47,12.9573,Karen,Yang,Beth Quinn,lorraine@crews.fo,false
7678,7733,3,12.2851,Vincent,Matthews,Neal Bunn,chris@walter.ml,false
7679,7734,36,15.7699,Kay,Parrott,Glenda Kent,lucy@raynor.gw,true
7680,7735,12,15.8214,Wesley,Burke,Jerry Bradshaw,renee@garcia.ru,false
7681,7736,30,13.7781,Joel,Skinner,Theodore Yates,gene@beatty.tj,true
7682,7737,26,17.4339,Shirley,Starr,Geoffrey Dunlap,penny@holmes.gp,true
7683,7738,41,18.0576,Shelley,Bowling,Alex Livingston,melinda@hinson.no,false
7684,7739,39,18.8263,Wesley,Kern,Sidney Moore,dolores@snow.bb,false
7685,7740,42,17.4258,Albert,Hodge,Judy Schultz,keith@kay.uy,true
7686,7741,1,11.0781,Jeff,Pugh,Lynne Bender,jeff@locklear.lt,true
7687,7742,38,12.5352,Malcolm,Norman,Marcus Rowland,edwin@johnston.pm,true
7688,7743,6,17.9837,Leon,Poole,Caroline Pickett,jack@sykes.cf,true
7689,7744,25,14.536,Pat,Connor,Jacob Nguyen,ashley@wong.mh,true
7690,7745,26,11.1899,Brenda,Waller,Kathy Finch,jay@parsons.jo,false
7691,7746,44,11.3077,Caroline,Lam,Allison Moser,tim@cassidy.th,true
7692,7747,5,11.2592,Herbert,Warner,Julie Hines,jonathan@crawford.mx,true
7693,7748,17,18.4824,Nicholas,Greenberg,Neal Pate,helen@braswell.dz,false
7694,7749,6,15.1301,Tommy,Greenberg,Teresa Bender,emma@bradshaw.ro,true
7695,7750,41,12.8271,Geraldine,Perkins,Allen Steele,dwight@briggs.sr,true
7696,7751,33,16.8054,Sue,Berger,Chris Leach,jon@kinney.ki,false
7697,7752,46,11.0145,Marilyn,Rich,Wesley Massey,ethel@mcmahon.vn,true
7698,7753,42,16.3366,Tamara,Stanton,Kristina Maynard,ryan@friedman.bj,false
7699,7754,23,13.0664,Benjamin,Thomas,Mary Cook,jessica@fletcher.in,false
7700,7755,25,13.7744,Sheryl,Monroe,Jim Reilly,jerome@freeman.om,false
7701,7756,28,10.309,Guy,McCall,Ashley Blanchard,herbert@glover.nf,false
7702,7757,41,11.328,Milton,Wall,Alan Baker,katie@coley.zw,true
7703,7758,34,11.012,Steven,Norman,Barbara Lutz,jeanette@nolan.io,true
7704,7759,43,11.3863,Glenn,Holmes,Tom Klein,kent@beatty.sl,false
7705,7760,2,12.6255,Kathleen,Graham,Brett Ritchie,crystal@may.aq,false
7706,7761,46,18.1863,Jesse,O,Max Weeks,thomas@rich.np,false
7707,7762,48,10.7783,Peggy,Desai,Tracey Kay,dan@caldwell.mf,true
7708,7763,35,10.8693,Joanna,Love,Jan Stark,denise@gonzalez.ee,true
7709,7764,20,14.1887,Julia,Mitchell,Natalie Starr,patricia@beatty.dm,true
7710,7765,30,15.0639,Courtney,Best,Geoffrey McKay,jan@fuller.sk,true
7711,7766,34,10.0241,Franklin,Lane,Franklin Fitzpatrick,erin@teague.sl,false
7712,7767,11,15.8303,Mark,Moore,Jack Freeman,eddie@murphy.wf,false
7713,7768,37,13.4469,Dennis,Rodgers,Elsie Stephens,harold@sumner.fi,true
7714,7769,12,12.3157,Brooke,Phillips,Kyle King,rhonda@carlton.mz,false
7715,7770,9,12.7855,Dana,Kaplan,Oscar Mills,katherine@clements.ke,false
7716,7771,46,18.4496,Jennifer,Fitzpatrick,George Eaton,bob@livingston.je,true
7717,7772,3,17.211,Terry,Finch,Priscilla Parsons,linda@fletcher.nu,true
7718,7773,49,10.3817,Norman,Dickson,Allen Hess,peter@casey.ru,true
7719,7774,16,13.6332,Miriam,Teague,Andrew Hawley,neal@newton.as,false
7720,7775,21,12.1871,Brooke,Mitchell,Paige Merritt,gayle@reed.bq,false
7721,7776,29,14.2554,Bobby,Morris,Randall Diaz,regina@ashley.mt,true
7722,7777,3,17.5449,Theresa,Cates,Joseph Sanchez,timothy@richardson.re,true
7723,7778,27,13.0326,Gladys,Sutton,Brett Byrd,wesley@denton.ch,false
7724,7779,41,15.5828,Donna,Dillon,Suzanne Berger,malcolm@floyd.ba,false
7725,7780,46,17.7012,Harry,Barton,Rita Finch,bobby@schultz.pf,true
7726,7781,7,17.8476,Ken,James,Marcia Fisher,holly@atkins.pe,false
7727,7782,46,13.8991,Evan,Schultz,Bonnie Moore,lee@barefoot.jo,false
7728,7783,36,18.7738,Bradley,Hardy,Kenneth Stone,tracy@merritt.to,false
7729,7784,17,13.1389,Brett,Love,Jennifer Ritchie,heidi@burke.th,false
7730,7785,26,13.9885,Dennis,Dillon,Jeanette Sharma,alison@baker.mo,false
7731,7786,24,15.7585,Rhonda,Gray,Kristine Benson,dean@reid.sm,false
7732,7787,38,16.5874,Marian,Brennan,Darlene Harrell,patsy@black.mh,false
7733,7788,38,14.9497,Tracy,Huffman,George Olsen,patrick@drake.vi,true
7734,7789,0,19.0078,Marlene,Stevens,Tammy Berger,lee@poole.it,false
7735,7790,26,11.4509,Neal,Horn,Penny Byrne,raymond@bruce.tw,false
7736,7791,41,12.2851,Tommy,Herbert,Carol Frederick,willie@singer.um,false
7737,7792,10,14.4995,Amanda,Fox,Luis Frazier,gretchen@mclean.li,true
7738,7793,10,10.0855,Wesley,Godfrey,Beth Rice,ann@ball.mz,true
7739,7794,18,17.6587,Robyn,Watkins,Todd Scarborough,nicholas@lindsay.ni,true
7740,7795,11,15.6919,Julie,Houston,Shirley McClure,joel@eason.tn,false
7741,7796,14,18.6518,Sherry,Baldwin,Henry Tyson,diana@eason.mv,false
7742,7797,5,19.1879,Eleanor,Teague,Denise Robertson,lucy@kelley.do,false
7743,7798,36,18.0231,Christina,Watts,Lauren Nash,jerome@chambers.mm,false
7744,7799,8,18.8176,Leslie,Hardin,Marlene Hill,jenny@schultz.rs,true
7745,7800,4,16.5642,Russell,Bowden,Kara Hall,jerry@king.nl,false
7746,7801,6,18.4414,Patrick,Jenkins,Melinda Cash,jesse@watts.lc,true
7747,7802,30,12.5777,Dwight,Kramer,Patrick Liu,marc@daly.mr,true
7748,7803,43,11.3686,Franklin,Rosenthal,Judy Conrad,gordon@fitzpatrick.org,true
7749,7804,41,18.0685,Herbert,Cobb,Lucille Buckley,gloria@scarborough.pm,true
7750,7805,28,15.3957,Jessica,Nichols,Lloyd Simmons,elaine@mckenna.lb,true
7751,7806,23,14.2,Kimberly,McKinney,Martin Copeland,ben@burton.ar,false
7752,7807,41,15.6854,Marcia,Dolan,Elisabeth Sumner,heather@forrest.gq,false
7753,7808,8,11.2601,Jean,Newton,Catherine Parks,audrey@mayer.nf,true
7754,7809,35,12.8708,Dawn,Bowman,Hannah McLean,katie@weinstein.no,true
7755,7810,13,16.1447,Chris,Lin,Nina Singh,rita@sullivan.mk,false
7756,7811,31,16.8954,Melissa,Miles,Ralph Chandler,kimberly@fink.bm,true
7757,7812,11,13.7536,Jack,Cox,Brooke Walter,nancy@burton.kn,false
7758,7813,45,19.9522,Christy,Clements,Marlene Barbour,jason@stuart.af,true
7759,7814,14,15.7823,Malcolm,Franklin,Kimberly Douglas,dennis@hinton.sk,true
7760,7815,7,18.5309,Elaine,Brock,Julie High,oscar@abbott.vg,true
7761,7816,45,18.9755,Derek,Barbour,Jon Aldridge,wesley@jenkins.sm,true
7762,7817,10,16.7595,Bradley,Burgess,Patrick May,charles@robertson.ng,false
7763,7818,18,19.8385,Jerome,Stephenson,Julie Desai,ben@strickland.tg,false
7764,7819,16,12.1302,Kathleen,Yates,Claire McDonald,bernard@blair.mq,true
7765,7820,18,10.5858,Natalie,Tyler,Harold Honeycutt,stacy@hamilton.gl,true
7766,7821,4,15.3988,Kelly,Fletcher,Jim Manning,bruce@gould.id,true
7767,7822,28,15.7972,Betsy,Gordon,Rhonda Whitaker,clarence@vaughn.pf,true
7768,7823,20,12.3078,Paul,Holland,Lee Starr,wade@anderson.gg,true
7769,7824,13,16.8944,Hazel,Jiang,Brooke Woodard,gene@hamrick.bw,false
7770,7825,13,14.981,Gregory,Daniel,Lloyd Duke,edna@pittman.dj,false
7771,7826,4,16.6236,Danny,Gonzalez,Rhonda Koch,jennifer@massey.mr,false
7772,7827,43,19.2363,Kenneth,Lawson,Joanne Rosenthal,anita@pate.np,true
7773,7828,26,11.5766,Amy,Humphrey,Tim Murphy,julia@adkins.nc,false
7774,7829,46,15.759,Sidney,Barber,Nicholas Farmer,kimberly@henson.lr,true
7775,7830,29,10.1185,Leroy,Hayes,Pauline Middleton,edwin@bowden.gt,false
7776,7831,6,11.7865,Leah,Rosenthal,Cecil Clarke,tom@gould.ge,false
7777,7832,46,19.2448,Theresa,Wiggins,Sandy Freedman,maxine@desai.wf,true
7778,7833,44,14.1395,Willie,Wu,Jesse Daniels,sue@padgett.sj,true
7779,7834,18,18.6694,Dawn,Godfrey,Douglas Gibson,natalie@arthur.hm,false
7780,7835,20,18.5573,Herbert,Stanton,Alfred McLean,chris@hawley.gb,true
7781,7836,17,14.4528,Malcolm,Lane,Dan Raynor,christina@hester.fj,false
7782,7837,0,19.3682,Amy,Rosenberg,Joan Owens,wesley@green.dz,true
7783,7838,27,16.5458,Ken,Cooke,Audrey Nixon,emily@mckenzie.lk,false
7784,7839,39,11.8053,Kate,Snyder,Stacy Hendricks,hannah@hardison.mo,false
7785,7840,15,14.2369,Emma,Curtis,Jamie Benton,scott@pickett.in,true
7786,7841,21,10.5916,Hugh,Harris,Jeremy Davidson,julian@odom.ng,false
7787,7842,44,11.2362,Jessica,Baxter,Roberta Sellers,gretchen@harris.mx,false
7788,7843,32,14.6587,Jordan,Friedman,Brent Coley,james@wiggins.nu,false
7789,7844,1,10.9929,Allison,Lowry,Sheryl Gibbons,kyle@barrett.ag,false
7790,7845,35,13.976,Melinda,Rodgers,Thelma Denton,joseph@keller.ma,true
7791,7846,4,14.1156,Matthew,Burnette,Dana Dalton,timothy@chang.ma,false
7792,7847,1,17.392,Bradley,Murphy,Steve Atkins,lynne@coley.bq,true
7793,7848,8,19.8786,Kyle,Banks,Benjamin Rice,ross@spivey.py,false
7794,7849,38,15.2707,Elsie,Chung,Allen Rowland,jeanette@beatty.ml,true
7795,7850,29,10.3313,Lawrence,Hardy,George Connolly,mary@newton.bg,true
7796,7851,31,12.9094,Roy,Fisher,Guy Craven,wayne@mcmahon.lk,true
7797,7852,12,10.8936,Mark,Proctor,Ken Hoover,malcolm@kaplan.fi,true
7798,7853,13,12.4685,Leon,Barton,Bruce Hines,erika@gross.bg,true
7799,7854,44,17.7237,Crystal,Horn,Herbert Wong,william@starr.mm,true
7800,7855,19,17.3287,Hazel,Stephens,Bonnie Hardison,ronnie@hawkins.ki,false
7801,7856,3,19.0034,Jeanette,Creech,Luis Creech,christina@ford.kg,true
7802,7857,36,11.3492,Carolyn,Puckett,Melinda Lang,eileen@o.fj,false
7803,7858,10,18.8899,Sandra,Nguyen,Danny Lutz,marcus@snow.ag,false
7804,7859,12,17.0358,Nancy,Owen,Cathy Cox,chris@caldwell.pn,true
7805,7860,44,12.6091,Martha,Jordan,Jeanette Scarborough,stacy@stanton.bl,true
7806,7861,21,11.6235,Bradley,McLeod,Marc Chung,joanna@riddle.kp,true
7807,7862,39,12.2216,Hazel,Meadows,Francis Holmes,katherine@bowling.sn,false
7808,7863,8,12.703,Donna,Honeycutt,Marcus Padgett,edgar@stout.be,false
7809,7864,47,12.3676,Lynda,Nance,Richard Chung,gayle@berger.pn,false
7810,7865,3,16.9855,Janet,Melton,Audrey Lucas,ashley@underwood.bg,false
7811,7866,12,16.9181,Dan,Bolton,Malcolm Boswell,ted@whitehead.mm,false
7812,7867,4,11.3665,Wesley,Schroeder,Sherri Singleton,bradley@gay.sr,true
7813,7868,33,12.5062,Mary,O,Joann Gay,maria@liu.kg,false
7814,7869,10,12.861,Philip,Fisher,Kyle Payne,henry@siegel.mf,true
7815,7870,39,10.4554,Melinda,Weiss,Wesley Cain,robert@weber.ms,false
7816,7871,11,13.8554,Lester,Hayes,Robert Stone,gayle@upchurch.gw,true
7817,7872,37,19.9934,Natalie,Bender,Lucy Lindsay,hannah@garrett.ck,false
7818,7873,27,18.5036,Hannah,McFarland,Harry Woods,kevin@benson.bz,true
7819,7874,14,19.3047,Danielle,Barbour,Doris Graves,jordan@albright.je,false
7820,7875,7,13.6296,Jennifer,Case,Mary James,maurice@nixon.gn,true
7821,7876,30,14.3821,Erin,Sawyer,Ryan Odom,lewis@brady.kz,true
7822,7877,8,11.8542,Jose,Stone,Maria Hutchinson,douglas@vick.na,false
7823,7878,45,12.104,Jeanne,Heller,Caroline Hansen,jerome@wall.kw,true
7824,7879,49,10.5261,Willie,Wall,Colleen Harrington,vincent@callahan.cy,true
7825,7880,11,14.217,Kurt,Brandt,Jan Willis,kristina@stephens.yt,false
7826,7881,25,18.6115,Louise,Freeman,Lynne Walter,clara@mcintosh.nf,true
7827,7882,27,18.1767,Cynthia,Bailey,Gayle McLaughlin,chris@merritt.lu,false
7828,7883,35,12.829,Jason,Shaffer,Lynne Whitaker,vickie@brantley.yt,false
7829,7884,28,16.3529,Joel,Carver,Jeanne Sharma,todd@griffin.my,false
7830,7885,3,16.5885,Diana,Boyd,Vicki Hayes,sherri@norman.ro,false
7831,7886,22,16.5451,Richard,Fox,Hannah Boswell,alison@butler.sz,false
7832,7887,37,10.6591,Jerome,Townsend,Geoffrey Byrne,danielle@siegel.bi,true
7833,7888,4,15.2842,Molly,Norman,Katharine Reilly,sherri@diaz.cg,false
7834,7889,5,17.0732,Lorraine,Dolan,Jon Mueller,kevin@knight.mz,true
7835,7890,14,12.8656,Alice,Byrne,Tracy Olson,clyde@cook.rw,true
7836,7891,19,12.4117,Evelyn,Cline,Clifford Lamb,chris@waters.py,true
7837,7892,11,11.2197,Eddie,Love,Kristin Olsen,hazel@chung.jm,false
7838,7893,12,10.119,Melinda,Casey,Malcolm Daly,eileen@hernandez.za,false
7839,7894,20,19.5229,Zachary,Baxter,Brian Gross,courtney@holden.pf,true
7840,7895,39,11.5691,Vincent,Underwood,Regina Mack,curtis@francis.lu,false
7841,7896,3,13.5067,Wallace,Pate,Nina Kaplan,alice@roth.ps,true
7842,7897,49,10.7658,Jeff,Vaughn,Douglas Lang,tommy@zimmerman.aq,false
7843,7898,19,11.1404,Evelyn,Kramer,Joanne Davis,christina@middleton.pa,true
7844,7899,23,18.4595,Bob,Turner,Marguerite Kennedy,eleanor@cherry.gw,false
7845,7900,13,18.9003,Jose,Pierce,Toni Crabtree,catherine@chan.gl,true
7846,7901,37,11.3858,Guy,Coley,Alfred Hatcher,mitchell@bowling.hu,false
7847,7902,30,13.1143,Frederick,Webb,Martha Hu,grace@benson.gd,true
7848,7903,16,14.0277,Ethel,O,Constance Rice,tonya@reed.cn,true
7849,7904,37,11.4387,Jeanette,Owen,Grace Archer,aaron@fox.ca,false
7850,7905,49,15.6593,Bernard,Erickson,Alfred Hayes,patsy@rice.fk,false
7851,7906,13,13.3,Lynne,Mangum,Samantha Swanson,bill@teague.mo,false
7852,7907,0,10.7531,Vivian,Pollard,Willie Justice,michelle@dougherty.mt,false
7853,7908,11,17.7128,Gene,Franklin,William Woodward,paige@reed.sg,false
7854,7909,8,12.4583,Gretchen,Phillips,George Hensley,faye@walters.cx,false
7855,7910,43,10.2816,Glen,Hoover,Jason Bowers,don@beatty.sc,true
7856,7911,6,19.5798,Michelle,McClure,Anita Rosenthal,nina@li.cx,true
7857,7912,1,15.7405,Eddie,Bowling,Janet Lehman,clyde@strickland.lk,false
7858,7913,33,15.7567,Guy,Martin,Kay Bowers,rhonda@barefoot.li,true
7859,7914,37,17.2681,Bradley,Chung,Gretchen Olsen,holly@cooke.aw,true
7860,7915,24,15.6306,Marion,Powers,Gloria Coley,natalie@harris.io,false
7861,7916,9,10.5513,Gretchen,Wu,Alfred Rosenberg,russell@olsen.cm,true
7862,7917,44,15.8112,Neal,McLean,Jill Cherry,lynn@schultz.ax,true
7863,7918,10,16.987,Brandon,Wilkerson,Nelson Atkins,leroy@mcintyre.cf,true
7864,7919,11,15.9537,Claire,Aycock,Natalie Pearce,gretchen@tilley.qa,true
7865,7920,39,19.8268,Harold,Lassiter,Tonya Rowland,jose@harper.fm,true
7866,7921,21,18.5263,Danielle,Nixon,Jordan Simmons,audrey@bray.hk,true
7867,7922,17,17.1444,Peter,Wu,Deborah Newton,randall@singleton.ws,false
7868,7923,48,15.2654,Alfred,Padgett,Susan Corbett,alfred@lyons.lb,true
7869,7924,41,12.4491,Ruth,Rose,Jeanette Duke,carrie@bowers.mx,false
7870,7925,43,17.475,Jenny,Alexander,Brett Katz,thelma@snyder.aq,true
7871,7926,20,17.2662,Alfred,Snow,Audrey Padgett,veronica@tilley.dm,true
7872,7927,42,10.9245,Mary,Brennan,Jim Robertson,lynne@nance.gb,true
7873,7928,3,12.5992,Elisabeth,Gould,George Kinney,gene@lassiter.dk,true
7874,7929,46,10.5116,Chris,Harrington,Kimberly Newton,janet@hendrix.nf,false
7875,7930,23,19.1153,Ben,Jordan,Erika Boswell,lynne@schwartz.ag,false
7876,7931,33,17.5898,Zachary,Russell,Ben Hawley,ashley@hardison.tg,true
7877,7932,25,18.3674,Sidney,Pittman,Nelson Spencer,stacy@vaughan.lr,true
7878,7933,23,14.8514,Shirley,Nash,Neil Steele,alice@mccall.bm,false
7879,7934,40,19.2073,Don,Fisher,Tammy Willis,jill@britt.mp,false
7880,7935,48,12.6419,Norman,Wolf,Martin Parsons,yvonne@anthony.yt,false
7881,7936,9,16.8051,Gayle,Barber,Marc Hendrix,marion@oakley.tw,true
7882,7937,22,17.7323,Evelyn,Long,Ronnie Bender,vickie@padgett.lc,true
7883,7938,15,18.0674,Katherine,Walter,Randall Padgett,robin@quinn.by,true
7884,7939,34,19.5306,Gayle,Weiner,George Clapp,glenda@monroe.net,false
7885,7940,44,16.6937,Deborah,Waller,Terry Hendrix,julian@rowland.ph,true
7886,7941,27,13.5411,Martin,Morgan,Barry Park,bobby@glover.mn,true
7887,7942,18,16.156,Wade,Callahan,Robin Cook,ernest@mcintosh.il,true
7888,7943,15,12.6698,Wesley,Link,Gary Turner,melanie@hinton.edu,false
7889,7944,6,13.5357,Sherri,Sparks,Julian Pugh,pauline@finch.bf,false
7890,7945,48,13.094,Rodney,Hensley,Roy McKay,priscilla@dunlap.gt,false
7891,7946,45,12.2061,Bernard,McKinney,Marion Jones,patrick@upchurch.pg,true
7892,7947,10,13.0104,Eva,Kemp,Megan Tilley,jan@west.jo,false
7893,7948,24,13.7152,Leslie,Ballard,Sandra Chang,jill@underwood.bj,false
7894,7949,5,16.6849,Anna,Rose,Ralph Haynes,roberta@may.bv,false
7895,7950,17,10.2959,Darlene,Pickett,Gina Horne,stacy@dodson.gu,false
7896,7951,36,16.2624,Kelly,Olson,Lewis Creech,joseph@dolan.sd,true
7897,7952,16,12.6952,Maureen,Wilkerson,Melissa Baker,joan@donovan.cm,false
7898,7953,10,18.9083,Betty,Blackwell,Joan Heath,ian@mcclure.co,true
7899,7954,10,19.9704,Henry,Meadows,Vicki Massey,vanessa@barbour.ne,true
7900,7955,36,10.3854,Kent,Waters,Christy Fox,judy@high.sl,true
7901,7956,16,15.9515,Christopher,Franklin,Dennis Conrad,george@harvey.ae,false
7902,7957,1,13.1634,Sherri,Fisher,Marion Carver,aaron@gilbert.ru,false
7903,7958,0,10.8563,Derek,Walters,Dorothy Warren,luis@chandler.mf,false
7904,7959,22,15.2742,Martha,Solomon,Ellen Pittman,catherine@anthony.kp,false
7905,7960,10,14.476,Jesse,Nixon,Barry Barton,gayle@watson.pe,false
7906,7961,3,18.4989,Glen,Hayes,Matthew Little,brent@underwood.no,true
7907,7962,46,11.6758,Stacy,Puckett,Mike Hicks,dwight@bowling.ua,true
7908,7963,27,18.3889,Stephanie,Quinn,Jeanne Stanley,milton@melton.lr,false
7909,7964,24,19.8941,Miriam,Lowry,Kenneth Stone,maureen@bowles.td,true
7910,7965,38,10.2282,Edgar,Watson,Cheryl Sparks,audrey@reid.sx,true
7911,7966,6,16.8051,Neal,Langley,Joseph Vaughan,jim@brandt.kw,false
7912,7967,45,14.1734,Natalie,Sherrill,Robyn Terrell,faye@alston.hu,false
7913,7968,45,10.9421,Carl,Wilkerson,Darlene Hensley,gary@berger.vc,false
7914,7969,24,14.3874,Hazel,Steele,Joan Harrell,calvin@farmer.ar,false
7915,7970,10,14.3048,Darlene,Morgan,Michele Rich,nina@parrott.my,false
7916,7971,33,11.3098,Dianne,Palmer,Kristine Black,margaret@black.gg,false
7917,7972,10,13.6676,Andrew,Hull,Marc Hu,martin@stone.cc,false
7918,7973,12,14.6543,Harold,Quinn,Sidney Wagner,ronald@callahan.mt,false
7919,7974,16,13.9671,Cathy,Marks,Marcus Saunders,edwin@langston.sj,false
7920,7975,4,14.796,Matthew,Moser,Bruce Fletcher,ronnie@ellis.be,false
7921,7976,4,19.4654,Neal,Li,Judy Moore,donald@neal.by,true
7922,7977,35,10.6049,Jackie,Horowitz,Hazel Weinstein,francis@silverman.cz,true
7923,7978,18,13.4387,Darlene,Murphy,Marsha Katz,steve@raynor.gd,false
7924,7979,3,13.4422,Tommy,Middleton,Curtis Dunlap,barbara@huffman.na,false
7925,7980,13,12.0328,Hugh,Ford,Nelson Schroeder,jerome@hirsch.py,false
7926,7981,42,10.6076,Julia,Singleton,Maria McPherson,dorothy@kay.ms,true
7927,7982,14,17.3029,Kimberly,Olson,Veronica Olson,chris@chan.th,false
7928,7983,41,18.0706,Gene,Kramer,Danny Haynes,walter@bowling.ir,true
7929,7984,43,17.7838,Jim,Klein,Glenda Wiley,jacob@levine.am,false
7930,7985,10,17.1407,Maureen,Berman,Lisa Steele,luis@moore.ni,true
7931,7986,42,19.1511,Jordan,Arnold,Sarah Heath,neal@davies.gg,false
7932,7987,25,14.7501,Jeanette,Starr,Amanda Chang,rhonda@byers.gt,false
7933,7988,49,15.5422,Laura,Boswell,Wesley Ellis,joel@creech.pl,false
7934,7989,19,15.0291,Steve,Robinson,Barry Owens,lester@horn.ss,false
7935,7990,20,14.9127,Calvin,Barton,Frances Hutchinson,vicki@frazier.pw,true
7936,7991,3,19.6311,Robyn,Scarborough,Victor Hodge,jerome@puckett.az,false
7937,7992,3,12.8786,Barry,Melton,Pat Wang,henry@kirby.gn,true
7938,7993,18,16.3218,Dianne,High,Evan Brantley,wesley@horne.pt,false
7939,7994,43,14.3154,Wesley,Walsh,Vanessa Warner,danny@hardison.ca,false
7940,7995,43,10.092,Russell,Chu,Randall Hill,gordon@mckenzie.aw,false
7941,7996,17,12.6911,Tina,Owen,Leigh Gonzalez,valerie@melton.cr,false
7942,7997,7,16.0754,Keith,Washington,Renee Kennedy,christine@bender.lk,true
7943,7998,49,10.7773,Marilyn,Cook,Harriet Kay,jack@whitehead.us,true
7944,7999,13,11.1578,Francis,Hayes,Virginia Anthony,geoffrey@holland.ma,false
7945,8000,45,18.2547,Alfred,Wiley,Carole Joyce,katharine@francis.tg,true
7946,8001,36,17.1741,Jack,Hamrick,Brian Davenport,elsie@mckenzie.mo,false
7947,8002,49,11.9368,Marshall,Houston,Jenny Little,don@barrett.by,true
7948,8003,45,17.4255,Carlos,Fletcher,Glenda Barefoot,harold@kang.sj,true
7949,8004,29,14.8822,Katherine,Sawyer,Carolyn Knowles,hazel@berger.ke,true
7950,8005,31,16.9046,Sidney,Nelson,Russell Dolan,sue@thompson.vc,true
7951,8006,46,14.5236,Lester,Sinclair,Carl Haynes,judy@blair.mg,false
7952,8007,27,11.9789,Mary,Stout,Sara Townsend,samantha@barber.fm,true
7953,8008,43,19.4655,Steve,Ballard,Ashley Klein,lloyd@hicks.br,false
7954,8009,47,10.8523,Holly,Lloyd,Tamara Lam,marcus@hartman.pe,false
7955,8010,23,11.7193,Hannah,Donovan,Jean Schultz,darlene@abbott.net,true
7956,8011,31,19.9229,Nina,Heath,Zachary Watkins,michelle@bishop.lr,true
7957,8012,33,14.9542,Norman,Langley,Hugh Wilkerson,bonnie@chang.sz,false
7958,8013,27,18.5687,Sherri,Chandler,Martin Sharma,stacy@love.gq,false
7959,8014,25,18.4311,Jerome,Hanna,Hannah Ellington,jennifer@long.rs,false
7960,8015,39,16.8693,Harold,Justice,Leo Rich,clara@carter.lu,true
7961,8016,36,14.1225,Donna,Fox,Faye Jennings,bonnie@cooke.us,false
7962,8017,27,14.3865,Frances,Cain,Milton Whitaker,audrey@hester.gd,false
7963,8018,18,14.6115,Lawrence,Proctor,Catherine Townsend,annie@bray.jm,true
7964,8019,31,19.9712,Jacob,Vaughan,Angela May,tamara@hunt.pw,false
7965,8020,6,18.3035,Clyde,Garrison,Joel Roth,leo@chu.ad,true
7966,8021,31,15.5394,Eddie,Berger,Oscar Cox,nina@dalton.cf,true
7967,8022,29,13.6906,Allan,Cooke,Eva Benson,christopher@hess.ne,true
7968,8023,15,15.8561,Louis,Hardy,Vivian Abrams,allison@steele.tj,false
7969,8024,16,17.0339,Andrew,Levin,Catherine Skinner,kim@creech.fo,true
7970,8025,28,13.8326,Beth,Vaughan,Clarence Miles,wesley@stone.mh,true
7971,8026,28,13.9915,Joe,Solomon,Heidi Rogers,george@bowers.nf,true
7972,8027,30,10.8638,Samantha,Blackburn,Eva Byrne,sidney@schultz.br,false
7973,8028,43,12.6649,Richard,Mann,Lester Becker,nancy@holland.hr,true
7974,8029,34,10.6014,Jose,McKenzie,Kevin Stephens,maria@mcguire.gg,true
7975,8030,41,12.2304,Lynn,Stout,Regina Love,christy@lawrence.ga,true
7976,8031,49,16.6659,Glenn,Beach,Glenda Conrad,joel@diaz.bd,false
7977,8032,27,14.3727,Lynne,Puckett,Eileen House,rick@hayes.cf,true
7978,8033,37,10.983,Margaret,Braswell,Janet Stephens,terry@curtis.vc,false
7979,8034,24,16.1855,Randy,Schultz,Jordan Melton,roy@lindsay.us,true
7980,8035,40,12.9605,Natalie,Wiggins,Annette McKinney,erin@barber.cc,false
7981,8036,26,18.5855,Christina,Hinson,Stephen Hill,rita@lawson.dk,true
7982,8037,39,17.8906,Gary,Cates,Tammy Rogers,peggy@gallagher.va,true
7983,8038,36,15.7494,Clyde,Humphrey,Gene Underwood,harvey@hamrick.fr,true
7984,8039,18,19.3296,Steven,Reid,Brett Grimes,greg@chung.fo,true
7985,8040,9,16.2566,Jason,Gallagher,Lucy Olsen,diana@cain.kn,false
7986,8041,10,14.5407,Emily,MacDonald,Danny Hardy,ben@thomas.bq,false
7987,8042,19,13.944,Katherine,Kenney,Gladys Kramer,monica@manning.zm,true
7988,8043,40,10.5441,Betty,Chung,Todd Phillips,nelson@waller.mh,true
7989,8044,22,14.1678,Annie,Hayes,Emma Floyd,clara@boyette.in,true
7990,8045,17,19.7482,Katherine,Cox,Jeanette Kirby,glenn@solomon.td,false
7991,8046,40,13.4413,Mary,West,Bill Moore,rita@townsend.ye,true
7992,8047,36,18.4582,Audrey,Barton,Frederick Hester,jonathan@glover.sm,false
